-- MySQL dump 10.13  Distrib 8.0.45, for Linux (x86_64)
--
-- Host: localhost    Database: casev_db
-- ------------------------------------------------------
-- Server version	8.0.45-0ubuntu0.22.04.1

/*!40101 SET @OLD_CHARACTER_SET_CLIENT=@@CHARACTER_SET_CLIENT */;
/*!40101 SET @OLD_CHARACTER_SET_RESULTS=@@CHARACTER_SET_RESULTS */;
/*!40101 SET @OLD_COLLATION_CONNECTION=@@COLLATION_CONNECTION */;
/*!50503 SET NAMES utf8mb4 */;
/*!40103 SET @OLD_TIME_ZONE=@@TIME_ZONE */;
/*!40103 SET TIME_ZONE='+00:00' */;
/*!40014 SET @OLD_UNIQUE_CHECKS=@@UNIQUE_CHECKS, UNIQUE_CHECKS=0 */;
/*!40014 SET @OLD_FOREIGN_KEY_CHECKS=@@FOREIGN_KEY_CHECKS, FOREIGN_KEY_CHECKS=0 */;
/*!40101 SET @OLD_SQL_MODE=@@SQL_MODE, SQL_MODE='NO_AUTO_VALUE_ON_ZERO' */;
/*!40111 SET @OLD_SQL_NOTES=@@SQL_NOTES, SQL_NOTES=0 */;

--
-- Table structure for table `esami_access_log`
--

DROP TABLE IF EXISTS `esami_access_log`;
/*!40101 SET @saved_cs_client     = @@character_set_client */;
/*!50503 SET character_set_client = utf8mb4 */;
CREATE TABLE `esami_access_log` (
  `id` int NOT NULL AUTO_INCREMENT,
  `user_id` int DEFAULT NULL,
  `email` varchar(150) DEFAULT NULL,
  `event` varchar(100) DEFAULT NULL,
  `ip` varchar(45) DEFAULT NULL,
  `user_agent` varchar(300) DEFAULT NULL,
  `details_json` text,
  `created_at` timestamp NULL DEFAULT CURRENT_TIMESTAMP,
  PRIMARY KEY (`id`),
  KEY `user_id` (`user_id`),
  CONSTRAINT `esami_access_log_ibfk_1` FOREIGN KEY (`user_id`) REFERENCES `utenti` (`id`) ON DELETE SET NULL
) ENGINE=InnoDB AUTO_INCREMENT=18 DEFAULT CHARSET=utf8mb4 COLLATE=utf8mb4_0900_ai_ci;
/*!40101 SET character_set_client = @saved_cs_client */;

--
-- Dumping data for table `esami_access_log`
--

LOCK TABLES `esami_access_log` WRITE;
/*!40000 ALTER TABLE `esami_access_log` DISABLE KEYS */;
INSERT INTO `esami_access_log` VALUES (1,NULL,'admin.naaf','login_failed','127.0.0.1','Mozilla/5.0 (Macintosh; Intel Mac OS X 10_15_7) AppleWebKit/605.1.15 (KHTML, like Gecko) Version/16.6.1 Safari/605.1.15','{\"reason\":\"bad_credentials\"}','2026-03-01 21:09:17'),(2,NULL,'admin.naaf','login_failed','127.0.0.1','Mozilla/5.0 (Macintosh; Intel Mac OS X 10_15_7) AppleWebKit/605.1.15 (KHTML, like Gecko) Version/16.6.1 Safari/605.1.15','{\"reason\":\"bad_credentials\"}','2026-03-01 21:09:36'),(3,NULL,'admin.naaf','login_failed','127.0.0.1','Mozilla/5.0 (Macintosh; Intel Mac OS X 10_15_7) AppleWebKit/605.1.15 (KHTML, like Gecko) Version/16.6.1 Safari/605.1.15','{\"reason\":\"bad_credentials\"}','2026-03-01 21:09:50'),(4,NULL,'admin.naaf','login_failed','127.0.0.1','Mozilla/5.0 (Macintosh; Intel Mac OS X 10_15_7) AppleWebKit/605.1.15 (KHTML, like Gecko) Version/16.6.1 Safari/605.1.15','{\"reason\":\"bad_credentials\"}','2026-03-01 21:10:00'),(5,NULL,'admin','login_failed','127.0.0.1','Mozilla/5.0 (Macintosh; Intel Mac OS X 10_15_7) AppleWebKit/605.1.15 (KHTML, like Gecko) Version/16.6.1 Safari/605.1.15','{\"reason\":\"bad_credentials\"}','2026-03-01 21:10:11'),(6,NULL,'admin.naaf','login_failed','127.0.0.1','Mozilla/5.0 (Macintosh; Intel Mac OS X 10_15_7) AppleWebKit/605.1.15 (KHTML, like Gecko) Version/16.6.1 Safari/605.1.15','{\"reason\":\"bad_credentials\"}','2026-03-01 21:11:30'),(7,NULL,'admin.naaf','login_failed','127.0.0.1','Mozilla/5.0 (Macintosh; Intel Mac OS X 10_15_7) AppleWebKit/605.1.15 (KHTML, like Gecko) Version/16.6.1 Safari/605.1.15','{\"reason\":\"bad_credentials\"}','2026-03-01 21:16:06'),(8,NULL,'admin.naaf','login_failed','127.0.0.1','Mozilla/5.0 (Macintosh; Intel Mac OS X 10_15_7) AppleWebKit/605.1.15 (KHTML, like Gecko) Version/16.6.1 Safari/605.1.15','{\"reason\":\"bad_credentials\"}','2026-03-01 21:16:10'),(9,NULL,'admin.naaf','login_failed','127.0.0.1','Mozilla/5.0 (Macintosh; Intel Mac OS X 10_15_7) AppleWebKit/605.1.15 (KHTML, like Gecko) Version/16.6.1 Safari/605.1.15','{\"reason\":\"bad_credentials\"}','2026-03-01 21:17:48'),(10,NULL,'admin.naaf','login_failed','127.0.0.1','Mozilla/5.0 (Macintosh; Intel Mac OS X 10_15_7) AppleWebKit/605.1.15 (KHTML, like Gecko) Version/16.6.1 Safari/605.1.15','{\"reason\":\"bad_credentials\"}','2026-03-02 05:54:25'),(11,NULL,'luigi.natale1970@gmail.com','login_success','127.0.0.1','Mozilla/5.0 (Macintosh; Intel Mac OS X 10_15_7) AppleWebKit/605.1.15 (KHTML, like Gecko) Version/16.6.1 Safari/605.1.15','null','2026-03-02 05:54:39'),(12,NULL,'admin.naaf','login_failed','127.0.0.1','Mozilla/5.0 (Macintosh; Intel Mac OS X 10_15_7) AppleWebKit/605.1.15 (KHTML, like Gecko) Version/16.6.1 Safari/605.1.15','{\"reason\":\"bad_credentials\"}','2026-03-02 05:58:55'),(13,NULL,'luigi.natale1970@gmail.com','logout','127.0.0.1','Mozilla/5.0 (Macintosh; Intel Mac OS X 10_15_7) AppleWebKit/605.1.15 (KHTML, like Gecko) Version/16.6.1 Safari/605.1.15','null','2026-03-02 06:00:57'),(14,NULL,'admin.naaf','login_failed','127.0.0.1','Mozilla/5.0 (Macintosh; Intel Mac OS X 10_15_7) AppleWebKit/605.1.15 (KHTML, like Gecko) Version/16.6.1 Safari/605.1.15','{\"reason\":\"bad_credentials\"}','2026-03-02 06:01:49'),(15,NULL,'admin.naaf','login_failed','127.0.0.1','Mozilla/5.0 (Macintosh; Intel Mac OS X 10_15_7) AppleWebKit/605.1.15 (KHTML, like Gecko) Version/16.6.1 Safari/605.1.15','{\"reason\":\"bad_credentials\"}','2026-03-02 06:02:36'),(16,2,NULL,'logout','127.0.0.1','Mozilla/5.0 (Macintosh; Intel Mac OS X 10_15_7) AppleWebKit/605.1.15 (KHTML, like Gecko) Version/16.6.1 Safari/605.1.15','null','2026-03-02 06:04:43'),(17,NULL,'admin.naaf','login_failed','127.0.0.1','Mozilla/5.0 (Macintosh; Intel Mac OS X 10_15_7) AppleWebKit/605.1.15 (KHTML, like Gecko) Version/16.6.1 Safari/605.1.15','{\"reason\":\"bad_credentials\"}','2026-03-02 06:13:27');
/*!40000 ALTER TABLE `esami_access_log` ENABLE KEYS */;
UNLOCK TABLES;

--
-- Table structure for table `esami_audit_log`
--

DROP TABLE IF EXISTS `esami_audit_log`;
/*!40101 SET @saved_cs_client     = @@character_set_client */;
/*!50503 SET character_set_client = utf8mb4 */;
CREATE TABLE `esami_audit_log` (
  `id` int NOT NULL AUTO_INCREMENT,
  `actor_user_id` int DEFAULT NULL,
  `actor_role` varchar(50) DEFAULT NULL,
  `action` varchar(100) DEFAULT NULL,
  `entity_type` varchar(100) DEFAULT NULL,
  `entity_id` int DEFAULT NULL,
  `ip` varchar(45) DEFAULT NULL,
  `user_agent` varchar(300) DEFAULT NULL,
  `details_json` text,
  `created_at` timestamp NULL DEFAULT CURRENT_TIMESTAMP,
  PRIMARY KEY (`id`),
  KEY `actor_user_id` (`actor_user_id`),
  CONSTRAINT `esami_audit_log_ibfk_1` FOREIGN KEY (`actor_user_id`) REFERENCES `utenti` (`id`) ON DELETE SET NULL
) ENGINE=InnoDB AUTO_INCREMENT=44 DEFAULT CHARSET=utf8mb4 COLLATE=utf8mb4_0900_ai_ci;
/*!40101 SET character_set_client = @saved_cs_client */;

--
-- Dumping data for table `esami_audit_log`
--

LOCK TABLES `esami_audit_log` WRITE;
/*!40000 ALTER TABLE `esami_audit_log` DISABLE KEYS */;
INSERT INTO `esami_audit_log` VALUES (1,NULL,'instructor','exam.assign','exam',33,'127.0.0.1','Mozilla/5.0 (Macintosh; Intel Mac OS X 10_15_7) AppleWebKit/605.1.15 (KHTML, like Gecko) Version/16.6.1 Safari/605.1.15','{\"student_id\":1,\"exam_type\":\"pronto impiego O.V. ATR 42\",\"num_questions\":20}','2026-03-04 04:52:48'),(2,NULL,'instructor','exam.assign','exam',34,'127.0.0.1','Mozilla/5.0 (Macintosh; Intel Mac OS X 10_15_7) AppleWebKit/605.1.15 (KHTML, like Gecko) Version/16.6.1 Safari/605.1.15','{\"student_id\":1,\"exam_type\":\"pronto impiego O.V. ATR 42\",\"num_questions\":20}','2026-03-04 04:55:01'),(3,NULL,'instructor','exam.assign','exam',35,'127.0.0.1','Mozilla/5.0 (Macintosh; Intel Mac OS X 10_15_7) AppleWebKit/605.1.15 (KHTML, like Gecko) Version/16.6.1 Safari/605.1.15','{\"student_id\":1,\"exam_type\":\"pronto impiego O.V. ATR 42\",\"num_questions\":20}','2026-03-04 04:58:13'),(4,NULL,'instructor','exam.assign','exam',36,'127.0.0.1','Mozilla/5.0 (Macintosh; Intel Mac OS X 10_15_7) AppleWebKit/605.1.15 (KHTML, like Gecko) Version/16.6.1 Safari/605.1.15','{\"student_id\":1,\"exam_type\":\"pronto impiego O.V. ATR 42\",\"num_questions\":20}','2026-03-04 04:59:20'),(5,NULL,'instructor','exam.assign','exam',37,'127.0.0.1','Mozilla/5.0 (Macintosh; Intel Mac OS X 10_15_7) AppleWebKit/605.1.15 (KHTML, like Gecko) Version/16.6.1 Safari/605.1.15','{\"student_id\":1,\"exam_type\":\"pronto impiego O.V. ATR 42\",\"num_questions\":20}','2026-03-04 05:05:43'),(6,NULL,'instructor','exam.assign','exam',38,'127.0.0.1','Mozilla/5.0 (Macintosh; Intel Mac OS X 10_15_7) AppleWebKit/605.1.15 (KHTML, like Gecko) Version/16.6.1 Safari/605.1.15','{\"student_id\":1,\"exam_type\":\"pronto impiego O.V. ATR 42\",\"num_questions\":20}','2026-03-04 05:21:08'),(7,NULL,'instructor','exam.assign','exam',39,'127.0.0.1','Mozilla/5.0 (Macintosh; Intel Mac OS X 10_15_7) AppleWebKit/605.1.15 (KHTML, like Gecko) Version/16.6.1 Safari/605.1.15','{\"student_id\":1,\"exam_type\":\"pronto impiego O.V. ATR 42\",\"num_questions\":20}','2026-03-04 14:36:00'),(8,NULL,'instructor','exam.assign','exam',40,'127.0.0.1','Mozilla/5.0 (Macintosh; Intel Mac OS X 10_15_7) AppleWebKit/605.1.15 (KHTML, like Gecko) Version/16.6.1 Safari/605.1.15','{\"student_id\":1,\"exam_type\":\"pronto impiego O.V. ATR 42\",\"num_questions\":20}','2026-03-04 22:22:56'),(9,NULL,'student','exam.start','exam',40,'127.0.0.1','Mozilla/5.0 (Macintosh; Intel Mac OS X 10_15_7) AppleWebKit/605.1.15 (KHTML, like Gecko) Version/16.6.1 Safari/605.1.15','{\"student_id\":1}','2026-03-04 22:26:52'),(10,NULL,'instructor','exam.assign','exam',41,'127.0.0.1','Mozilla/5.0 (Macintosh; Intel Mac OS X 10_15_7) AppleWebKit/605.1.15 (KHTML, like Gecko) Version/16.6.1 Safari/605.1.15','{\"student_id\":1,\"exam_type\":\"pronto impiego O.V. ATR 42\",\"num_questions\":20}','2026-03-05 16:30:58'),(11,NULL,'student','exam.start','exam',41,'127.0.0.1','Mozilla/5.0 (Macintosh; Intel Mac OS X 10_15_7) AppleWebKit/605.1.15 (KHTML, like Gecko) Version/16.6.1 Safari/605.1.15','{\"student_id\":1}','2026-03-05 16:31:36'),(12,2,'admin','exam.assign','exam',42,'127.0.0.1','Mozilla/5.0 (Macintosh; Intel Mac OS X 10_15_7) AppleWebKit/605.1.15 (KHTML, like Gecko) Version/16.6.1 Safari/605.1.15','{\"student_id\":3,\"exam_type\":\"pronto impiego O.V. ATR 42\",\"num_questions\":20}','2026-03-05 19:16:45'),(13,9,'instructor','exam.assign','exam',43,'127.0.0.1','Mozilla/5.0 (Macintosh; Intel Mac OS X 10_15_7) AppleWebKit/605.1.15 (KHTML, like Gecko) Version/16.6.1 Safari/605.1.15','{\"student_id\":3,\"exam_type\":\"pronto impiego O.V. ATR 42\",\"num_questions\":20}','2026-03-05 21:06:35'),(14,10,'student','exam.start','exam',43,'127.0.0.1','Mozilla/5.0 (Macintosh; Intel Mac OS X 10_15_7) AppleWebKit/605.1.15 (KHTML, like Gecko) Version/16.6.1 Safari/605.1.15','{\"student_id\":3}','2026-03-05 21:06:56'),(15,9,'instructor','exam.assign','exam',44,'127.0.0.1','Mozilla/5.0 (Macintosh; Intel Mac OS X 10_15_7) AppleWebKit/605.1.15 (KHTML, like Gecko) Version/16.6.1 Safari/605.1.15','{\"student_id\":3,\"exam_type\":\"pronto impiego O.V. ATR 42\",\"num_questions\":20}','2026-03-05 21:08:10'),(16,10,'student','exam.start','exam',44,'127.0.0.1','Mozilla/5.0 (Macintosh; Intel Mac OS X 10_15_7) AppleWebKit/605.1.15 (KHTML, like Gecko) Version/16.6.1 Safari/605.1.15','{\"student_id\":3}','2026-03-05 21:08:24'),(17,10,'student','exam.start','exam',43,'127.0.0.1','Mozilla/5.0 (Macintosh; Intel Mac OS X 10_15_7) AppleWebKit/605.1.15 (KHTML, like Gecko) Version/16.6.1 Safari/605.1.15','{\"student_id\":3}','2026-03-05 21:13:44'),(18,10,'student','exam.start','exam',42,'127.0.0.1','Mozilla/5.0 (Macintosh; Intel Mac OS X 10_15_7) AppleWebKit/605.1.15 (KHTML, like Gecko) Version/16.6.1 Safari/605.1.15','{\"student_id\":3}','2026-03-05 21:14:00'),(19,2,'admin','exam.assign','exam',45,'127.0.0.1','Mozilla/5.0 (Macintosh; Intel Mac OS X 10_15_7) AppleWebKit/605.1.15 (KHTML, like Gecko) Version/16.6.1 Safari/605.1.15','{\"student_id\":3,\"exam_type\":\"pronto impiego O.V. ATR 42\",\"num_questions\":20}','2026-03-05 21:14:52'),(20,10,'student','exam.start','exam',45,'127.0.0.1','Mozilla/5.0 (Macintosh; Intel Mac OS X 10_15_7) AppleWebKit/605.1.15 (KHTML, like Gecko) Version/16.6.1 Safari/605.1.15','{\"student_id\":3}','2026-03-05 21:15:09'),(21,2,'admin','exam.assign','exam',46,'127.0.0.1','Mozilla/5.0 (Macintosh; Intel Mac OS X 10_15_7) AppleWebKit/605.1.15 (KHTML, like Gecko) Version/16.6.1 Safari/605.1.15','{\"student_id\":3,\"exam_type\":\"pronto impiego O.V. ATR 42\",\"num_questions\":20}','2026-03-05 21:20:38'),(22,10,'student','exam.start','exam',46,'127.0.0.1','Mozilla/5.0 (Macintosh; Intel Mac OS X 10_15_7) AppleWebKit/605.1.15 (KHTML, like Gecko) Version/16.6.1 Safari/605.1.15','{\"student_id\":3}','2026-03-05 21:20:52'),(23,10,'student','exam.start','exam',46,'127.0.0.1','Mozilla/5.0 (Macintosh; Intel Mac OS X 10_15_7) AppleWebKit/605.1.15 (KHTML, like Gecko) Version/16.6.1 Safari/605.1.15','{\"student_id\":3}','2026-03-05 21:25:08'),(24,10,'student','exam.start','exam',46,'127.0.0.1','Mozilla/5.0 (Macintosh; Intel Mac OS X 10_15_7) AppleWebKit/605.1.15 (KHTML, like Gecko) Version/16.6.1 Safari/605.1.15','{\"student_id\":3}','2026-03-05 21:35:31'),(25,10,'student','exam.start','exam',46,'127.0.0.1','Mozilla/5.0 (Macintosh; Intel Mac OS X 10_15_7) AppleWebKit/605.1.15 (KHTML, like Gecko) Version/16.6.1 Safari/605.1.15','{\"student_id\":3}','2026-03-05 21:48:43'),(26,2,'admin','exam.assign','exam',47,'127.0.0.1','Mozilla/5.0 (Macintosh; Intel Mac OS X 10_15_7) AppleWebKit/605.1.15 (KHTML, like Gecko) Version/16.6.1 Safari/605.1.15','{\"student_id\":3,\"exam_type\":\"pronto impiego O.V. ATR 42\",\"num_questions\":20}','2026-03-05 21:49:08'),(27,10,'student','exam.start','exam',47,'127.0.0.1','Mozilla/5.0 (Macintosh; Intel Mac OS X 10_15_7) AppleWebKit/605.1.15 (KHTML, like Gecko) Version/16.6.1 Safari/605.1.15','{\"student_id\":3}','2026-03-05 21:49:26'),(28,2,'admin','exam.assign','exam',48,'127.0.0.1','Mozilla/5.0 (Macintosh; Intel Mac OS X 10_15_7) AppleWebKit/605.1.15 (KHTML, like Gecko) Version/16.6.1 Safari/605.1.15','{\"student_id\":3,\"exam_type\":\"pronto impiego O.V. ATR 42\",\"num_questions\":20}','2026-03-05 22:00:45'),(29,10,'student','exam.start','exam',48,'127.0.0.1','Mozilla/5.0 (Macintosh; Intel Mac OS X 10_15_7) AppleWebKit/605.1.15 (KHTML, like Gecko) Version/16.6.1 Safari/605.1.15','{\"student_id\":3}','2026-03-05 22:01:08'),(30,10,'student','exam.start','exam',48,'127.0.0.1','Mozilla/5.0 (Macintosh; Intel Mac OS X 10_15_7) AppleWebKit/605.1.15 (KHTML, like Gecko) Version/16.6.1 Safari/605.1.15','{\"student_id\":3}','2026-03-06 05:58:33'),(31,2,'admin','exam.assign','exam',49,'127.0.0.1','Mozilla/5.0 (Macintosh; Intel Mac OS X 10_15_7) AppleWebKit/605.1.15 (KHTML, like Gecko) Version/16.6.1 Safari/605.1.15','{\"student_id\":3,\"exam_type\":\"pronto impiego O.V. ATR 42\",\"num_questions\":20}','2026-03-06 06:02:56'),(32,10,'student','exam.start','exam',49,'127.0.0.1','Mozilla/5.0 (Macintosh; Intel Mac OS X 10_15_7) AppleWebKit/605.1.15 (KHTML, like Gecko) Version/16.6.1 Safari/605.1.15','{\"student_id\":3}','2026-03-06 06:03:15'),(33,2,'admin','exam.assign','exam',50,'127.0.0.1','Mozilla/5.0 (X11; Ubuntu; Linux x86_64; rv:130.0) Gecko/20100101 Firefox/130.0','{\"student_id\":3,\"exam_type\":\"pronto impiego O.V. ATR 42\",\"num_questions\":20}','2026-03-08 08:01:15'),(34,10,'student','exam.start','exam',50,'127.0.0.1','Mozilla/5.0 (X11; Ubuntu; Linux x86_64; rv:130.0) Gecko/20100101 Firefox/130.0','{\"student_id\":3}','2026-03-08 08:01:40'),(35,10,'student','exam.finish','exam',50,'127.0.0.1','Mozilla/5.0 (X11; Ubuntu; Linux x86_64; rv:130.0) Gecko/20100101 Firefox/130.0','{\"student_id\":3,\"total_questions\":20,\"correct\":6,\"score_percent\":30,\"passed\":false}','2026-03-08 08:02:33'),(36,2,'admin','exam.assign','exam',51,'127.0.0.1','Mozilla/5.0 (X11; Ubuntu; Linux x86_64; rv:130.0) Gecko/20100101 Firefox/130.0','{\"student_id\":3,\"exam_type\":\"pronto impiego O.V. ATR 42\",\"num_questions\":20}','2026-03-08 08:12:17'),(37,10,'student','exam.start','exam',51,'127.0.0.1','Mozilla/5.0 (X11; Ubuntu; Linux x86_64; rv:130.0) Gecko/20100101 Firefox/130.0','{\"student_id\":3}','2026-03-08 08:12:31'),(38,2,'admin','exam.assign','exam',52,'127.0.0.1','Mozilla/5.0 (X11; Linux x86_64) AppleWebKit/537.36 (KHTML, like Gecko) Chrome/145.0.0.0 Safari/537.36','{\"student_id\":3,\"exam_type\":\"pronto impiego O.V. ATR 42\",\"num_questions\":20}','2026-03-08 11:22:15'),(39,10,'student','exam.start','exam',52,'127.0.0.1','Mozilla/5.0 (X11; Linux x86_64) AppleWebKit/537.36 (KHTML, like Gecko) Chrome/145.0.0.0 Safari/537.36','{\"student_id\":3}','2026-03-08 11:22:50'),(40,2,'admin','exam.assign','exam',53,'127.0.0.1','Mozilla/5.0 (X11; Linux x86_64) AppleWebKit/537.36 (KHTML, like Gecko) Chrome/145.0.0.0 Safari/537.36','{\"student_id\":2,\"exam_type\":\"pronto impiego O.V. ATR 42\",\"num_questions\":20}','2026-03-08 11:27:22'),(41,2,'admin','exam.assign','exam',54,'127.0.0.1','Mozilla/5.0 (X11; Linux x86_64) AppleWebKit/537.36 (KHTML, like Gecko) Chrome/145.0.0.0 Safari/537.36','{\"student_id\":4,\"exam_type\":\"pronto impiego O.V. ATR 42\",\"num_questions\":20}','2026-03-08 14:06:48'),(42,NULL,'student','exam.start','exam',54,'127.0.0.1','Mozilla/5.0 (X11; Linux x86_64) AppleWebKit/537.36 (KHTML, like Gecko) Chrome/145.0.0.0 Safari/537.36','{\"student_id\":4}','2026-03-08 14:07:27'),(43,2,'admin','exam.assign','exam',55,'127.0.0.1','Mozilla/5.0 (X11; Linux x86_64) AppleWebKit/537.36 (KHTML, like Gecko) Chrome/145.0.0.0 Safari/537.36','{\"student_id\":5,\"exam_type\":\"pronto impiego O.V. ATR 42\",\"num_questions\":20}','2026-03-08 19:59:56');
/*!40000 ALTER TABLE `esami_audit_log` ENABLE KEYS */;
UNLOCK TABLES;

--
-- Table structure for table `esami_classes`
--

DROP TABLE IF EXISTS `esami_classes`;
/*!40101 SET @saved_cs_client     = @@character_set_client */;
/*!50503 SET character_set_client = utf8mb4 */;
CREATE TABLE `esami_classes` (
  `id` int NOT NULL AUTO_INCREMENT,
  `command` varchar(150) NOT NULL,
  `category` enum('Piloti','Operatori di volo','Tecnici di volo') NOT NULL,
  `name` varchar(200) NOT NULL,
  `created_by_user_id` int DEFAULT NULL,
  `created_at` timestamp NULL DEFAULT CURRENT_TIMESTAMP,
  PRIMARY KEY (`id`),
  KEY `created_by_user_id` (`created_by_user_id`),
  CONSTRAINT `esami_classes_ibfk_1` FOREIGN KEY (`created_by_user_id`) REFERENCES `utenti` (`id`) ON DELETE SET NULL
) ENGINE=InnoDB AUTO_INCREMENT=3 DEFAULT CHARSET=utf8mb4 COLLATE=utf8mb4_0900_ai_ci;
/*!40101 SET character_set_client = @saved_cs_client */;

--
-- Dumping data for table `esami_classes`
--

LOCK TABLES `esami_classes` WRITE;
/*!40000 ALTER TABLE `esami_classes` DISABLE KEYS */;
INSERT INTO `esami_classes` VALUES (1,'Saguarcost Pescara','Operatori di volo','Operatori di Volo ATR Pescara',NULL,'2026-02-15 08:50:34'),(2,'Saguarcost Catania','Piloti','Piloti ATR 42 Catania',NULL,'2026-03-01 12:04:20');
/*!40000 ALTER TABLE `esami_classes` ENABLE KEYS */;
UNLOCK TABLES;

--
-- Table structure for table `esami_exam_questions`
--

DROP TABLE IF EXISTS `esami_exam_questions`;
/*!40101 SET @saved_cs_client     = @@character_set_client */;
/*!50503 SET character_set_client = utf8mb4 */;
CREATE TABLE `esami_exam_questions` (
  `id` int NOT NULL AUTO_INCREMENT,
  `exam_id` int NOT NULL,
  `question_id` int NOT NULL,
  `chosen_key` enum('A','B','C','D') DEFAULT NULL,
  `is_correct` tinyint(1) DEFAULT NULL,
  PRIMARY KEY (`id`),
  KEY `exam_id` (`exam_id`),
  KEY `question_id` (`question_id`),
  CONSTRAINT `esami_exam_questions_ibfk_1` FOREIGN KEY (`exam_id`) REFERENCES `esami_exams` (`id`) ON DELETE CASCADE,
  CONSTRAINT `esami_exam_questions_ibfk_2` FOREIGN KEY (`question_id`) REFERENCES `esami_questions` (`id`) ON DELETE CASCADE
) ENGINE=InnoDB AUTO_INCREMENT=790 DEFAULT CHARSET=utf8mb4 COLLATE=utf8mb4_0900_ai_ci;
/*!40101 SET character_set_client = @saved_cs_client */;

--
-- Dumping data for table `esami_exam_questions`
--

LOCK TABLES `esami_exam_questions` WRITE;
/*!40000 ALTER TABLE `esami_exam_questions` DISABLE KEYS */;
INSERT INTO `esami_exam_questions` VALUES (570,45,24,NULL,NULL),(571,45,49,NULL,NULL),(572,45,23,NULL,NULL),(573,45,102,NULL,NULL),(574,45,42,NULL,NULL),(575,45,98,NULL,NULL),(576,45,16,NULL,NULL),(577,45,60,NULL,NULL),(578,45,112,NULL,NULL),(579,45,55,NULL,NULL),(580,45,6,NULL,NULL),(581,45,29,NULL,NULL),(582,45,57,NULL,NULL),(583,45,58,NULL,NULL),(584,45,53,NULL,NULL),(585,45,85,NULL,NULL),(586,45,3,NULL,NULL),(587,45,108,NULL,NULL),(588,45,28,NULL,NULL),(589,45,92,NULL,NULL),(590,46,102,NULL,NULL),(591,46,110,NULL,NULL),(592,46,54,NULL,NULL),(593,46,33,NULL,NULL),(594,46,32,NULL,NULL),(595,46,67,NULL,NULL),(596,46,34,NULL,NULL),(597,46,1,NULL,NULL),(598,46,72,NULL,NULL),(599,46,75,NULL,NULL),(600,46,105,NULL,NULL),(601,46,50,NULL,NULL),(602,46,18,NULL,NULL),(603,46,25,NULL,NULL),(604,46,23,NULL,NULL),(605,46,44,NULL,NULL),(606,46,35,NULL,NULL),(607,46,106,NULL,NULL),(608,46,99,NULL,NULL),(609,46,61,NULL,NULL),(610,47,103,NULL,NULL),(611,47,12,NULL,NULL),(612,47,43,NULL,NULL),(613,47,78,NULL,NULL),(614,47,65,NULL,NULL),(615,47,53,NULL,NULL),(616,47,69,NULL,NULL),(617,47,79,NULL,NULL),(618,47,45,NULL,NULL),(619,47,110,NULL,NULL),(620,47,7,NULL,NULL),(621,47,9,NULL,NULL),(622,47,19,NULL,NULL),(623,47,104,NULL,NULL),(624,47,46,NULL,NULL),(625,47,83,NULL,NULL),(626,47,15,NULL,NULL),(627,47,101,NULL,NULL),(628,47,93,NULL,NULL),(629,47,24,NULL,NULL),(630,48,102,NULL,NULL),(631,48,42,NULL,NULL),(632,48,83,NULL,NULL),(633,48,8,NULL,NULL),(634,48,28,NULL,NULL),(635,48,48,NULL,NULL),(636,48,77,NULL,NULL),(637,48,89,NULL,NULL),(638,48,38,NULL,NULL),(639,48,96,NULL,NULL),(640,48,6,NULL,NULL),(641,48,36,NULL,NULL),(642,48,105,NULL,NULL),(643,48,21,NULL,NULL),(644,48,79,NULL,NULL),(645,48,27,NULL,NULL),(646,48,43,NULL,NULL),(647,48,34,NULL,NULL),(648,48,69,NULL,NULL),(649,48,93,NULL,NULL),(650,49,100,NULL,0),(651,49,110,NULL,0),(652,49,111,NULL,0),(653,49,104,NULL,0),(654,49,80,NULL,0),(655,49,74,NULL,0),(656,49,20,NULL,0),(657,49,1,NULL,0),(658,49,6,NULL,0),(659,49,37,NULL,0),(660,49,112,NULL,0),(661,49,64,NULL,0),(662,49,70,NULL,0),(663,49,17,NULL,0),(664,49,116,NULL,0),(665,49,52,NULL,0),(666,49,28,NULL,0),(667,49,105,NULL,0),(668,49,67,NULL,0),(669,49,84,NULL,0),(670,50,19,'B',0),(671,50,25,'B',0),(672,50,16,'D',1),(673,50,74,'C',0),(674,50,56,'C',1),(675,50,103,'B',0),(676,50,84,'B',0),(677,50,36,'B',1),(678,50,46,'B',0),(679,50,41,'B',0),(680,50,98,'B',0),(681,50,112,'B',1),(682,50,20,'C',0),(683,50,92,'B',1),(684,50,58,'B',0),(685,50,32,'B',1),(686,50,44,'C',0),(687,50,114,'C',0),(688,50,94,'A',0),(689,50,73,'C',0),(690,51,35,NULL,NULL),(691,51,56,NULL,NULL),(692,51,77,NULL,NULL),(693,51,33,NULL,NULL),(694,51,39,NULL,NULL),(695,51,15,NULL,NULL),(696,51,78,NULL,NULL),(697,51,30,NULL,NULL),(698,51,70,NULL,NULL),(699,51,24,NULL,NULL),(700,51,27,NULL,NULL),(701,51,89,NULL,NULL),(702,51,90,NULL,NULL),(703,51,103,NULL,NULL),(704,51,68,NULL,NULL),(705,51,59,NULL,NULL),(706,51,17,NULL,NULL),(707,51,116,NULL,NULL),(708,51,107,NULL,NULL),(709,51,88,NULL,NULL),(710,52,83,NULL,NULL),(711,52,4,NULL,NULL),(712,52,48,NULL,NULL),(713,52,102,NULL,NULL),(714,52,59,NULL,NULL),(715,52,55,NULL,NULL),(716,52,8,NULL,NULL),(717,52,29,NULL,NULL),(718,52,116,NULL,NULL),(719,52,25,NULL,NULL),(720,52,50,NULL,NULL),(721,52,54,NULL,NULL),(722,52,63,NULL,NULL),(723,52,46,NULL,NULL),(724,52,13,NULL,NULL),(725,52,18,NULL,NULL),(726,52,92,NULL,NULL),(727,52,111,NULL,NULL),(728,52,57,NULL,NULL),(729,52,71,NULL,NULL),(770,55,109,NULL,NULL),(771,55,111,NULL,NULL),(772,55,90,NULL,NULL),(773,55,3,NULL,NULL),(774,55,95,NULL,NULL),(775,55,30,NULL,NULL),(776,55,67,NULL,NULL),(777,55,73,NULL,NULL),(778,55,6,NULL,NULL),(779,55,52,NULL,NULL),(780,55,8,NULL,NULL),(781,55,37,NULL,NULL),(782,55,29,NULL,NULL),(783,55,71,NULL,NULL),(784,55,113,NULL,NULL),(785,55,104,NULL,NULL),(786,55,18,NULL,NULL),(787,55,13,NULL,NULL),(788,55,101,NULL,NULL),(789,55,94,NULL,NULL);
/*!40000 ALTER TABLE `esami_exam_questions` ENABLE KEYS */;
UNLOCK TABLES;

--
-- Table structure for table `esami_exams`
--

DROP TABLE IF EXISTS `esami_exams`;
/*!40101 SET @saved_cs_client     = @@character_set_client */;
/*!50503 SET character_set_client = utf8mb4 */;
CREATE TABLE `esami_exams` (
  `id` int NOT NULL AUTO_INCREMENT,
  `student_id` int NOT NULL,
  `instructor_user_id` int NOT NULL,
  `exam_type` varchar(150) NOT NULL,
  `num_questions` int NOT NULL,
  `topics_filter` text,
  `status` enum('ASSEGNATO','SVOLTO') NOT NULL DEFAULT 'ASSEGNATO',
  `assigned_at` timestamp NULL DEFAULT CURRENT_TIMESTAMP,
  `taken_at` datetime DEFAULT NULL,
  `score_percent` decimal(5,2) DEFAULT NULL,
  `passed` tinyint(1) DEFAULT NULL,
  `deferred` tinyint(1) DEFAULT '0',
  `duration_minutes` int NOT NULL DEFAULT '120',
  `started_at` datetime DEFAULT NULL,
  `ends_at` datetime DEFAULT NULL,
  `timed_out` tinyint(1) NOT NULL DEFAULT '0',
  PRIMARY KEY (`id`),
  KEY `student_id` (`student_id`),
  KEY `instructor_user_id` (`instructor_user_id`),
  CONSTRAINT `esami_exams_ibfk_1` FOREIGN KEY (`student_id`) REFERENCES `esami_students` (`id`) ON DELETE CASCADE,
  CONSTRAINT `esami_exams_ibfk_2` FOREIGN KEY (`instructor_user_id`) REFERENCES `utenti` (`id`) ON DELETE RESTRICT
) ENGINE=InnoDB AUTO_INCREMENT=56 DEFAULT CHARSET=utf8mb4 COLLATE=utf8mb4_0900_ai_ci;
/*!40101 SET character_set_client = @saved_cs_client */;

--
-- Dumping data for table `esami_exams`
--

LOCK TABLES `esami_exams` WRITE;
/*!40000 ALTER TABLE `esami_exams` DISABLE KEYS */;
INSERT INTO `esami_exams` VALUES (45,3,2,'pronto impiego O.V. ATR 42',20,NULL,'ASSEGNATO','2026-03-05 21:14:52',NULL,NULL,NULL,0,120,NULL,NULL,0),(46,3,2,'pronto impiego O.V. ATR 42',20,NULL,'ASSEGNATO','2026-03-05 21:20:38',NULL,NULL,NULL,0,120,NULL,NULL,0),(47,3,2,'pronto impiego O.V. ATR 42',20,NULL,'ASSEGNATO','2026-03-05 21:49:08',NULL,NULL,NULL,0,120,NULL,NULL,0),(48,3,2,'pronto impiego O.V. ATR 42',20,NULL,'ASSEGNATO','2026-03-05 22:00:45',NULL,NULL,NULL,0,120,'2026-03-06 06:58:33','2026-03-06 08:58:33',0),(49,3,2,'pronto impiego O.V. ATR 42',20,NULL,'SVOLTO','2026-03-06 06:02:56','2026-03-08 09:11:58',0.00,0,0,120,'2026-03-06 07:03:15','2026-03-06 09:03:15',1),(50,3,2,'pronto impiego O.V. ATR 42',20,NULL,'SVOLTO','2026-03-08 08:01:15','2026-03-08 09:02:33',30.00,0,0,120,'2026-03-08 09:01:40','2026-03-08 11:01:40',0),(51,3,2,'pronto impiego O.V. ATR 42',20,NULL,'ASSEGNATO','2026-03-08 08:12:17',NULL,NULL,NULL,0,120,'2026-03-08 09:12:31','2026-03-08 11:12:31',0),(52,3,2,'pronto impiego O.V. ATR 42',20,NULL,'ASSEGNATO','2026-03-08 11:22:15',NULL,NULL,NULL,0,120,'2026-03-08 12:22:50','2026-03-08 14:22:50',0),(55,5,2,'pronto impiego O.V. ATR 42',20,NULL,'ASSEGNATO','2026-03-08 19:59:56',NULL,NULL,NULL,0,120,NULL,NULL,0);
/*!40000 ALTER TABLE `esami_exams` ENABLE KEYS */;
UNLOCK TABLES;

--
-- Table structure for table `esami_instructors`
--

DROP TABLE IF EXISTS `esami_instructors`;
/*!40101 SET @saved_cs_client     = @@character_set_client */;
/*!50503 SET character_set_client = utf8mb4 */;
CREATE TABLE `esami_instructors` (
  `id` int NOT NULL AUTO_INCREMENT,
  `user_id` int NOT NULL,
  `name` varchar(100) DEFAULT NULL,
  `surname` varchar(100) DEFAULT NULL,
  `created_at` timestamp NULL DEFAULT CURRENT_TIMESTAMP,
  PRIMARY KEY (`id`),
  UNIQUE KEY `user_id` (`user_id`),
  CONSTRAINT `esami_instructors_ibfk_1` FOREIGN KEY (`user_id`) REFERENCES `utenti` (`id`) ON DELETE CASCADE
) ENGINE=InnoDB AUTO_INCREMENT=4 DEFAULT CHARSET=utf8mb4 COLLATE=utf8mb4_0900_ai_ci;
/*!40101 SET character_set_client = @saved_cs_client */;

--
-- Dumping data for table `esami_instructors`
--

LOCK TABLES `esami_instructors` WRITE;
/*!40000 ALTER TABLE `esami_instructors` DISABLE KEYS */;
/*!40000 ALTER TABLE `esami_instructors` ENABLE KEYS */;
UNLOCK TABLES;

--
-- Table structure for table `esami_question_banks`
--

DROP TABLE IF EXISTS `esami_question_banks`;
/*!40101 SET @saved_cs_client     = @@character_set_client */;
/*!50503 SET character_set_client = utf8mb4 */;
CREATE TABLE `esami_question_banks` (
  `id` int NOT NULL AUTO_INCREMENT,
  `exam_type` varchar(150) NOT NULL,
  `created_by_user_id` int DEFAULT NULL,
  `created_at` timestamp NULL DEFAULT CURRENT_TIMESTAMP,
  PRIMARY KEY (`id`),
  KEY `created_by_user_id` (`created_by_user_id`),
  CONSTRAINT `esami_question_banks_ibfk_1` FOREIGN KEY (`created_by_user_id`) REFERENCES `utenti` (`id`) ON DELETE SET NULL
) ENGINE=InnoDB AUTO_INCREMENT=3 DEFAULT CHARSET=utf8mb4 COLLATE=utf8mb4_0900_ai_ci;
/*!40101 SET character_set_client = @saved_cs_client */;

--
-- Dumping data for table `esami_question_banks`
--

LOCK TABLES `esami_question_banks` WRITE;
/*!40000 ALTER TABLE `esami_question_banks` DISABLE KEYS */;
INSERT INTO `esami_question_banks` VALUES (1,'pronto impiego O.V. ATR 42',NULL,'2026-02-15 10:14:40'),(2,'Rinnovo Pronto Impiego Ov Atr 42',NULL,'2026-02-15 12:55:39');
/*!40000 ALTER TABLE `esami_question_banks` ENABLE KEYS */;
UNLOCK TABLES;

--
-- Table structure for table `esami_questions`
--

DROP TABLE IF EXISTS `esami_questions`;
/*!40101 SET @saved_cs_client     = @@character_set_client */;
/*!50503 SET character_set_client = utf8mb4 */;
CREATE TABLE `esami_questions` (
  `id` int NOT NULL AUTO_INCREMENT,
  `bank_id` int NOT NULL,
  `topic` varchar(200) DEFAULT NULL,
  `question` text NOT NULL,
  `opt_a` text NOT NULL,
  `opt_b` text NOT NULL,
  `opt_c` text NOT NULL,
  `opt_d` text NOT NULL,
  `correct_key` enum('A','B','C','D') NOT NULL,
  PRIMARY KEY (`id`),
  KEY `bank_id` (`bank_id`),
  CONSTRAINT `esami_questions_ibfk_1` FOREIGN KEY (`bank_id`) REFERENCES `esami_question_banks` (`id`) ON DELETE CASCADE
) ENGINE=InnoDB AUTO_INCREMENT=233 DEFAULT CHARSET=utf8mb4 COLLATE=utf8mb4_0900_ai_ci;
/*!40101 SET character_set_client = @saved_cs_client */;

--
-- Dumping data for table `esami_questions`
--

LOCK TABLES `esami_questions` WRITE;
/*!40000 ALTER TABLE `esami_questions` DISABLE KEYS */;
INSERT INTO `esami_questions` VALUES (1,1,'GENERAL','Il raffreddamento delle apparecchiature del SMTS viene effettuato con aria raffreddata proveniente da:','Dal pacco SX del gruppo condizionamento velivolo','Dal pacco DX del gruppo condizionamento velivolo','Da entrambi i pacchi','Tutte le risposte sono esatte','B'),(2,1,'GENERAL','Estraendo la SMTS Handle si verifica che:','La Manual Control Valve si chiude e l\'inserto posto all\'interno della \"mixing chamber \" si apre','La Manual Control Valve e l\'inserto posto all\'interno della \"mixing chamber \" si aprono contemporaneamente','La manual Control Valve si apre e l\'inserto si chiude','*******************','C'),(3,1,'GENERAL','Quali sono i valori di tensione nominali in corrente continua ed alternata a 400 Hz applicate ai carichi SMTS:','24/28 VDC; 115 VAC monofase;','28 VDC; 115 VAC monofase; 220/400 VAC trifase','24/28 VDC; 200 VAC monofase; 115/200 VAC trifase','*******************','A'),(4,1,'GENERAL','Quanti inverter sono installati nel Sistema di missione per alimentare le apparecchiature del SMTS','Un inverter monofase e due trifase','Due inverter monofasi e due trifase','Dopo aggiornamento sistema ATOS non ci sono più inverter','Dopo l\'aggiornamento dei sistemi (anno 2020) un solo inverter','D'),(5,1,'FARO','L\'escursione in elevation del faro rispetto al proprio asse é:','da 0 a -50°','da +5° a -50°','da 0° a -60°','*******************','B'),(6,1,'APPARATI RADIO','Quale di queste frequenze è quella di guardia del sistema in mod. VHF/AM','121.800 MHZ','121.500 MHZ','128.500 kHZ','*******************','B'),(7,1,'APPARATI RADIO','Al termine della prodecura di test della radio V/UFH AM-FM la luce \"FAIL\" in caso di malfunzione:','Resta accesa','Continua a lampeggiare','Si spegne','*******************','A'),(8,1,'GENERAL','Il ricevitore HF e la sua antenna Tuning Unit si trovano:','Dietro il pannello posteriore del vano cargo posteriore','Nel Rack Apparati','Sotto il pavimento della cabina passeggeri in posizione baricentrica','Dietro alla postazione del Captain','A'),(9,1,'GENERAL','Con il pulsante HF dell\'Audio Control Panel della MOC1 inserito cosa avviene se agisco sullo switch INT/RAD','Predispongo la HF per la trasmissione SATCOMM','Si Trasmette sulla frequenza che il TACCO ha impostato sulla radio.','Si Trasmette sulla frequenza che il CAPTAIN ha impostato sulla radio.','*******************','C'),(10,1,'GENERAL','Se il pulsante VFM1 dell\'Audio Control Panel del Tavolo Tattico è inserito cosa accade.','Il tacco Trasmette in caso di emergenza con la radio VHF AM del CM1','Il tacco predispone in caso di emergenza  la radio VHF AM del CM1, per il controllo dell\'operatore della MOC1','Il tacco Trasmette  con la radio VHF della MOC1','Il tacco Trasmette  con la radio U/VHF della MOC1','C'),(11,1,'GENERAL','Se il pulsante VFM2 dell\'Audio Control Panel della MOC2 è inserito e successivamente premo  il pulsante VU3 su quali radio trasmetto ?','Nessuna perchè sul ACP della MOC2 non c\'è il pulsante VU3 (radio U/VHF solo MOC1)','Possono trasmettere sia con la  VHF della MOC1 sia con la UHF della MOC1','Possono trasmettere sia con la  VHF della MOC2 sia con la UHF della MOC1','Posso Trasmettere con la radio V/UHF del SMTS','D'),(12,1,'EOST','Con quale comando si riposiziona la torretta in posizione di riposo','HOLD','STOW','CAGE','*******************','B'),(13,1,'EOST','Quanti e quali sono le focali che si possono impostare sul sensore EON','TRE (21-75-243)','QUATTRO (600-1200-1900-3200)','TRE (600-1200-3200)','A FOCALE CONTINUA DA 9 A 162','B'),(14,1,'EOST','Quali sono le focali che possiamo usare con il sensore IR dellaWESCAM 20','21-75-243','9-162','600-1200-1900-3200','tutte le risposte sono errate','D'),(15,1,'TACTICAL','Quanti USER MARKER possiamo inserire sulla tactical Situation','10','50','100','*******************','C'),(16,1,'RADAR','Dove è ubicato il RTP del Radar Gabbiano ULTS80 ?','Rack Apparati','Sotto il pavimento vicino alla botola ATM','MOC 1','Sotto in pavimento vicino al sedile della MOC1','D'),(17,1,'GENERAL','A cosa serve l\'Auto Parallel Switch ?','A commutare l\' HF da modalità Radio a DL','A connettere la Work Station (moc1)  al Mission Computer della Moc1','A connettere le Work Station al Mission Computer.','Ha connettere la stampante alle WorkStation del SMTS','D'),(18,1,'GENERAL','Dove è ubicata la Analog Video Switch (AVS)','Rack Apparati','Rack Ausiliario','Una nella Moc1 e una nella  Moc2','Moc1','D'),(19,1,'GENERAL','Dove è ubicato il \"Interface Unit\"  (IFU) ?','Moc1','Moc1 - Moc 2 (c\'è ne sono due una per Moc)','Rack Apparati','*******************','A'),(20,1,'GENERAL','Dove è ubicato il Contol Panel del faro di ricerca?','Moc1','Console Comunication','Rack Ausiliario','Observer di dx','B'),(21,1,'APPARATI RADIO','A cosa serve anche se non utilizzabile lo Switching Unit  Control Panel ?','A trasformare i segnali digitali del\' EOST in analogico da inviare al faro di ricerca','Ad interfacciare il SMTS con il radar SLAR','A selezionare le modalità di funzionamento delle radio HF e V/UHF (moc1)','Tutte le risposte sono errate','C'),(22,1,'RADAR','Al fine di avere una buona immagine ISAR occorre','Mare grosso e angolo di aspetto perpendicolare alla prua del velivolo','Mare calmo e angolo di aspetto sui 40 ° rispetto alla prua del velivolo','Mare grosso e angolo di aspetto sui 40° rispetto al fascio radar.','Le risposte B-C sono esatte','C'),(23,1,'GENERAL','Qual\'è la funzione del TDO ?','Alimentare il Mission Computer','Alimentare i carichi sensibili alle Power interruption ed è collegato alla batteria','Alimentare i carichi sensibili alle Power interruption ed è collegato alla batteria di emergenza','Tutte le risposte sono errate','C'),(24,1,'GENERAL','Se va in avaria in GEN 1 del velivolo cosa accade.','Il SMTS rimane acceso perchè il TDO mantiene il carico per il tempo necessario a spegnere il sistema','Il SMTS in automatico spegne tutti i computer in modo da non danneggiarli','Viene a mancare l\'alimentazione del SMTS','*******************','C'),(25,1,'GENERAL','Il pulsante CNT SMOKE in cabina di pilotaggio se messo in ON','Abilita i 3 rilevatori di fumi in cabina','Abilita i 4 rilevatori di fumi in cabina e apre la Manual Control Valve','Abilita i 4 rilevatori di fumi in cabina e chiude la Manual Control Valve','Tutte le risposte sono errate','D'),(26,1,'GENERAL','Quanti container del tipo omologato per ATR 42 si possono imbarcare in configurazione CARGO','9','8','Nessuno per mancanza di omologazione','*******************','A'),(27,1,'GENERAL','Qual è la pubblicazione di Maricogecap di riferimento per il personale E.F.V. della linea ATR 42','AER 103 ED OTT 2019','AER 103 ED SETT 2013','AER 102 ED SETT 2013','**','B'),(28,1,'GENERAL','A bordo del velivolo ATR 42 MP chi è il responsabile della condotta del velivolo','Pilota con il grado più alto','Mission Commander','Pilota  la qualifica più elevata a bordo','*','C'),(29,1,'GENERAL','Dove siede a bordo del velivolo ATR 42 il CM1','A destra','A sinistra','Tavolo Tattico','*','B'),(30,1,'GENERAL','Dove siede a bordo del velivolo ATR 42 il CM2','A destra','A sinistra','Tavolo Tattico','*','A'),(31,1,'GENERAL','Quante ore di volo deve effettuare un operatore pronto impiego per mantenere la qualifica','80 annuali','35 per semestre','70 annuali','*','B'),(32,1,'GENERAL','Dopo quanto tempo di inattività un operatore pronto impiego perde la qualifica','1 mese','2 mesi','3 mesi','*','B'),(33,1,'RADAR','La massima scala selezionabile in modalità SRV è','160 Nm','80 Nm','40 Nm','*******************','A'),(34,1,'GENERAL','Quanti paracadutisti Si potrebbero imbarcare sul velivolo ATR 42 MP','27','36','48','*******************','A'),(35,1,'GENERAL','Quanti passeggeri si possono imbarcare al massimo sul velivolo ATR 42 MP in configurazione trasporto passeggeri','42','48','46','***','B'),(36,1,'FARO','Il Faro di ricerca è alimentato dalla:','Lo STATIC INV 3 PH','TRU','TDO','********','B'),(37,1,'FARO','L\'energia elettrica necessaria per alimentare la lampada ad elevata intensità del faro di ricerca viene prelevata dalla:','28 VDC MAIN BUS 1','28VDC HOT MAIN BATT BUS','115/200 VAC MAIN BUS 1','********','C'),(38,1,'FARO','Gli interruttori a posizione momentanea \"START\", installati sia sulla manual control box che sul pannello di controllo della consolle (COC), hanno la funzione di:','Avviare il sistema faro di ricerca ed i relativi circuiti di controllo','Innescare l\'accensione della lampada del faro','Inizializzare l\'asservimento del faro alla telecamera sulla torretta EOST','********','B'),(39,1,'FARO','La calibrazione del faro di ricarca deve essere effettuata:','Con sistema di missione operativo e prima del primo volo della giornata','Dopo la rimozione/installazione del faro di ricerca e/o della torretta EOST e/o delle scatole di controllo e/o dei rispettivi circuiti di interconnessione','Ad ogni primo volo della giornata dopo il decollo e con sistema di missione già operativo','********','B'),(40,1,'GENERAL','Sulla MOC 1 la spia OVER TEMP MOC#1 del quadretto di comando EDU #1 si accende :','Quando la temperatura dell\'aria in uscita dalla consolle MOC 1  supera i 45 ° C.','Dopo circa 10 sec. da quando sono state ripristinate le normali condizioni di raffreddamento del sistema SMTS','Quando la temperatura dell\'aria in uscita dalla consolle MOC 1  supera i 55 ° C.','Le risposte B e C sono esatte','C'),(41,1,'GENERAL','Sul quadretto di comando EDU # 1 installato sulla MOC 1, l\'accensione della spia FAULT sul pulsante COOLING FAN avviene in caso di:','Disagree tra il comando e la posizione reale della OVERBOARD VALVE','Forzatura in posizione di chiusura della OVERBOARD VALVE','Avaria del ventilatore di estrazione dell\'aria o dei circuiti elettrici a lui annessi','********','C'),(42,1,'GENERAL','Con velivolo a terra e sistema SMTS operativo, posizionando l\'interruttore OVBD VALVE su CL ci si predispone per :','Chiudere completamente la OVERBOARD VALVE per trattenere l\'aria estratta dalle consolles e dal rack apparati all\'interno del velivolo','Controllare l\'apertura di questa valvola in modo manuale e quindi parzializzare la luce di scarico dell\'aria verso l\'esterno','Aprire completamente la valvola per scaricare rapidamente a terra tutta l\'aria estratta dal sistema SMTS','********','A'),(43,1,'GENERAL','Sul quadretto di comando EDU # 1 installato sulla MOC 1, l\'accensione della spia SMOKE indica che:','All\'interno della MOC 1 (la consolle prioritaria per l\'operatività del sistema SMTS) vi è presenza di fumo','Nella zona della cabina passeggeri, dove sono installate le consolles, la presenza di fumo ha attivato gli SMOKE DETECTORS del cielo cabina','Nel condotto di estrazione dell\'aria vi è presenza di fumo','********','C'),(44,1,'GENERAL','Lo STATIC INV 1 PH alimenta:','Stampante','Radar','Faro di ricerca','********','A'),(45,1,'GENERAL','L\'alimentazione elettrica dei carichi SMTS viene effettuato tramite dei quadretti di comando così dislocati:','Uno in cabina di pilotaggio sulla consolle laterale Sx ed un altro sul Rack Apparati','Uno sulla MOC 1, uno sulla MOC 2 ed uno sulla COC.','Uno in cabina di pilotaggio sulla consolle laterale Dx ed un altro sulla MOC 1','********','C'),(46,1,'GENERAL','Sui quadretti di comando dell\'alimentazione elettrica del sistema SMTS sono installati due interruttori denominati MASTER SW (2P) e PWR(EDU1) ON/OFF la cui funzione singolarmente è di:','Consentire il collegamento/scollegamento dei carichi SMTS in DC','Consentire il collegamento/scollegamento dei carichi SMTS in DC e contemporaneamente mantenere lo stato di carica della batteria che è collegata sulla barra di emergenza','Consentire il collegamento/scollegamento dei carichi SMTS solo in AC','Le risposte A e C sono esatte','A'),(47,1,'GENERAL','Gli interruttori MASTER SW e SMTS PWR ON/OFF sono dotati ciascuno di due spie inglobate nel pulsante di comando e denominate rispettivamente SHED ed OFF. L\'indicazione SHED sul pulsante MASTER PWR ON/OFF DEL 2° P è accesa nelle seguenti condizioni:','Quando il pulsante MASTER SW viene selezionato OFF','Quando entrambi gli interruttori vengono selezionati OFF','Quando il pulsante MASTER SW viene selezionato ON ed il pulsante PWR ON/OFF viene selezionato OFF','Tutte le risposte sono errate','C'),(48,1,'APPARATI RADIO','Il Captain può utilizzare la radio HF per contattare la C.O. di Roma','Si Sempre perchè il control Panel della Radio HF è ubicata in cabina di pilotaggio','No perchè la gestione della RADIO HF è di competenza dell\'Operatore di Volo','Si, solo però se la spia DL sul miscellaneus Control panel in cabina di pilotaggio non sia accesa.','Si, solo però se la spia AVAIL sul miscellaneus Control panel in cabina di pilotaggio  sia spenta.','C'),(49,1,'GENERAL','Dove sono ubicate le scatole nere del velivolo','Coda velivolo non accessibili per sicurezza','Coda velivolo accessibili tramite uno sportelli','Cargo vicino alla batteria in modo da essere sempre alimentati','*','B'),(50,1,'RADAR','Il tasto rapido F4 a cosa serve','Ad inizializzare una traccia radar','A selezionare lo zoom radar','A cambiare la scala','Ad effettuare l\'ON TOP','A'),(51,1,'EOST','Può accadere che la posizione del velivolo che leggiamo sullla situazione tattica sia diversa da quella che leggiamo sul monitor sensori (eost).','No perché è sepre quella che viene dal FMS e GPS','Si solo sé va in avaria il GPS','Si','**','C'),(52,1,'GENERAL','A cosa serve il comando rapido F9','Ad inizializzare una traccia radar','A marcare l\'on top','A registrare il video EOST','**','C'),(53,1,'EOST','Lo switch \"VIC\" del Hand Control dell\'Eost serve.','A variare l\'algoritmo del AVT','Premendo verso l\'alto a selezionare il sensore da visionare','a selezionare la modalità Filter SPA On/Off','Tutte le risposte sono errate','B'),(54,1,'EOST','A cosa serve il tasto \"Geo Focus\" dell\'Hand Control dell\'Eost','Ad attivare/disattivare Auto focus','Ad attivare e disattivare il laser','A selezioanre i POI','**','A'),(55,1,'GENERAL','Come si attivata ELT - Emergency Locator Trasmitter','A contatto con l\'acqua e con una accellerazione > 1 g','Dal pilota','con accellerazione superiore a 5 g','*','C'),(56,1,'GENERAL','Qual è la differenza tra MANTA 1 e MANTA 2','Nessuna sono tutte e 2 dei 400','Nessuna sono tutte e 2 dei 500','il M1 è un 400 il M2 è un 500','il M1 è un 500 il M2 è un 400','C'),(57,1,'GENERAL','Il radar SLAR su che velivolo è installato','Su tutti i velivoli','Solo su Manta 1','E installato sul Manta 2 e sul Manta 1','E\' installato sul Manta 2 e sul Manta 3','C'),(58,1,'GENERAL','L\'apparato ATM è imbarcato sul Manta 3.','vero','E installato sul Manta 2 e sul Manta 1','E\' installato sul Manta 2 e sul Manta 3','****','C'),(59,1,'SATCOMM','Dove è ubicato il sistema satellitare SDU 7320','moc1','coc','rack apparati in basso','rack apparati in alto','D'),(60,1,'AIS','Dove è ubicato il sistema AIS','MOC1','MOC2','rack apparati in alto','rack apparati in basso','D'),(61,1,'SATCOMM','Dove è ubicato High Power Amplifier HPA-7450 del sistema satcomm','moc1','cielo cabina sotto l\'antenna','rack apparati','**','C'),(62,1,'SATCOMM','Come si attiva il telefono satellitare','Quando accendiamo un motore avendo così la DC di un generatore','Quando attiviamo il sistema di missione','Devo selezionare POWER ON nella Vcu del SATCOMM','Devo selezionare la connessione background nella vcu del Satcomm','C'),(63,1,'AIS','Come mi accorgo se arriva un mesaggio AIS','Non posso ricevere messaggi perché Maricogeap ha inibito questa funzione','Viene visulaizzato in verde una indicazione di AIS MSG in basso a sinistra vicino al pulsante status','Sul tattico viene mostrato un messaggio \"msg AIS\"','**','B'),(64,1,'AIS','Posso inviare dei brevi messaggi con il sistema AIS verso altre stazioni AIS','Non posso ricevere messaggi perché Maricogeap ha inibito questa funzione','Si ma devo attivare la funzione TX ON nella finestra active mode','Si basta selezionare il destinatario e premere il pulsante SEND','*','B'),(65,1,'GENERAL','Dove è ubicato lo Switch Gbit','MOC1','Rack Apparati','Rack Ausiliario','**','B'),(66,1,'GENERAL','Dove è ubicato il Radar Maintenance Panel','MOC1','Rack Apparati in basso vicino al Ricetrasmettitore','Console Comunication','**','C'),(67,1,'GENERAL','Dove è ubicato il Digital Master Control Unit (DMCU)','MOC1','Rack Apparati in basso','Console Comunication','**','C'),(68,1,'GENERAL','Dove è ubicata la Video Audio Encoder (VAE)','MOC1','Rack Apparati in basso','onsole Comunication','**','C'),(69,1,'GENERAL','Posso cambiare l\'identificativo della missione \"set id\" se ho attivo lo SLAR','SI','NO','**','**','B'),(70,1,'TACTICAL','Tramite la HCU della wescam 20 l si possono registrare le immagini presentati sul monitor sensori in formato analogico.','NO','Si, premendo il PUSH BUTTON frontale sinistro nero','Sì, premendo il PUSH BUTTON frontale destro rosso','*','A'),(71,1,'TACTICAL','Di che colore è il piano di volo attivo?','Rosso','Verde','Bianco','*','C'),(72,1,'TACTICAL','Si può  modificare un piano di volo attivo?','No','Sì, ma dopo averlo acquisito selezionando \"Load Curr\" nel Mission Planing e rinviato al FMS','Sì, ma dopo averlo acquisito selezionando \"New\" nel Mission Planing e rinviato al FMS','*','B'),(73,1,'TACTICAL','Il pilota può visualizzare le coordinate del piano di volo impostato dal Sistema di Missione ?','No','Sì, solo dopo che l\'operatore ha selezionato la funzione nel Mission Planing TO FMS','Sì, solo se  su una delle MOC è abilitata la funzione FLAT DISPLAY','*','B'),(74,1,'TACTICAL','Quante sono le modalità di presentazione delle mappe di navigazione sulla Situazione Tattica?','2','3','4','*','B'),(75,1,'TACTICAL','In quale modalità di presentazione il simbolo del velivolo si muove all interno della Mappa?','North Oriented','Heading Oriented','North Fixed Oriented','*','C'),(76,1,'TACTICAL','Che cosa è E/O LOS?','La Slant Range del Radar','IL  punto di intersezione con il terreno del sensore elettroottico','IL Bearing del DF','*','B'),(77,1,'TACTICAL','Quali sono i parametri visualizzati dal Measure Tool ?','Solo il RANGE','Solo il BEARING e il TTG','RANGE E BEARING','*','C'),(78,1,'TACTICAL','Si possono visualizzare i dati caratteristici (lat-Long etc) di un target Radar sulla Situazione Tattica?','no','Sì, sempre','Sì, solo dopo averlo selezionato','*','C'),(79,1,'TACTICAL','Quali sono i dati che fornisce la funzione di Cursor Reporting ?','La posizione geografica (Lat, Lon) del velivolo','La posizione geografica dei target','La posizione geografica del cursore','*','C'),(80,1,'TACTICAL','Cosa permette di effettuare la funzione SET ID?','di settare i dati del piano di volo','di inserire o modificare un identificativo della missione','di visualizzare la Lat, Long  del coursor Reporting','*','B'),(81,1,'GENERAL','Quando generalmente, in condizioni standard, si procede alla procedura di attivazione del S.M.T.S.','Durante le manovre di rullaggio, in modo di avere il sistema operativo subito dopo il decollo.','dopo l\' after take off check list a descrizione del Captain','Dopo la messa in moto di entrambi i velivoli in modo che possiamo raffreddare il S.M.T.S.','*','B'),(82,1,'GENERAL','Quando generalmente in condizioni standard si procede allo spegnimento del S.M.T.S.','A discrezione del CAPTAIN, prima delle manovre di atterraggio.','Con il velivolo al parcheggio, prima di spegnere il motore dx','Durante le fasi di rullaggio per poter scaricare dal data base i dati di missione','*','A'),(83,1,'GENERAL','In condizioni normali dopo quando tempo la spia fault del pulsante cooling fan si spegna dopo averlo messo in posizione di on.','Essendo una spia di FAULT, dopo aver eliminato l\'avaria.','Dopo circa 2 minuti','Dopo circa 3 minutii','*','B'),(84,1,'TACTICAL','Dalla postazione della MOC 1  si può visionare la quota BAROMETRICA del velivolo','Sulla titolazione delle immagini video dei sensori se abilitati con il pulsante frontale nero dell\'Hand Control','Sulla titolazione della presentazione delle immagini video dei sensori se abilitati con il pulsante frontale rosso dell\'Hand Control','Si può vedere sulla STATUS AREA.','Le risposte A e C sono corrette','C'),(85,1,'TACTICAL','Dalla MOC1 come si può visionare la quota RADAR','Sulla titolazione delle immagini video dei sensori EOST.','Si chiede al CM1-CM2','Si  può visionare nella STATUS AREA','Le risposte  A e C sono corrette','D'),(86,1,'TACTICAL','Supponendo che stiamo volando sul mare a 9,000 ft sulla MOC2 come si può visionare la quota RADAR ALTIMETRICA','Sulla titolazione delle immagini video dei sensori se abilitati con il pulsante frontale nero dell\'Hand Control','La si può vedere sulla STATUS AREA.','Non si puo\' vedere','Le risposte A e C sono corrette','C'),(87,1,'GENERAL','Come si attiva la cooling fan','Premendo il relativo Pulsante sul EDU1 ma con il Pulsante 1 PH INV su ON','Premendo il relativo Pulsante sul EDU1 ma  con il Pulsante Master Power su ON','Premendo il relativo Pulsante in cabina di pilotaggio','*','B'),(88,1,'RADAR','Cosa indica l\'acronimo STS del Radar Gabbiano ULT80','Scan To Scan','Search to scan','Sector to search','*','A'),(89,1,'RADAR','La massima scala selezionabile in modalità HSS è','160 Nm','80 Nm','40 Nm','*','C'),(90,1,'RADAR','La massima scala selzionabile in modalità Wethear','320 Nm','160 Nm','40 Nm','*','A'),(91,1,'RADAR','Quali sono i valori di STS selezionabili:','2-4-6-8','1-4-8-16','1-2-4-8','*','B'),(92,1,'GENERAL','Lo slar su quale velivolo  è instalalto','Su tutti i velivloli del Corpo','Su Manta 1 e Mata 2','Solo Manta 1','*','B'),(93,1,'GENERAL','Cosa succede quando la Manual Control Valve Handle viene tirata su e rotata in senso orario ?','Si convoglia tutta l\'aria proveniente dal pacco di raffreddamento del motore dx verso il sistema di missione, ma solo se il CM2 HA premuto il pulsante SMTS Master e loperatore ha premuto il pulsante COOLIN FAN su ON','Si convoglia tutta l\'aria proveniente dal pacco di raffreddamento del motore dx verso il sistema di missione','Si convoglia tutta l\'aria proveniente dal pacco di raffreddamento del motore dx verso il sistema di missione se il CM2 ha messo su off il pulsante AIR FLOW','*','C'),(94,1,'GENERAL','Con il velivolo ATR In configurazione trasporto truppe quanti soldati si possono imbarcare','Nessuno perché il velivolo ATR 42 MP non è certificato per il trasporto truppe','36','27','*','B'),(95,1,'GENERAL','Con il velivolo ATR in configurazione MEDEVAC quante barelle si possono installare a bordo dellATR 42 MP','6 sul lato dx  - 8 sul lato sinistro','6 sul lato dx  - 6 sul lato sinistro','Nessuna Perché in sede di certificazione questa configurazione non è stata autorizzata','*','A'),(96,1,'EOST','A cosa serve la funzione  AVT ?','Registrare in formato digitale le immagini dei sensori della torretta','Variare i parametri (focus, speed, zoom speed.) del sensore ATV','Ad inseguire un bersaglio automaticamente con la torretta','*','C'),(97,1,'GENERAL','Quali radio si possono controllare  e gestire dalla MOC2','VHF marino, UHF, HF','Solo VHF marino','VHF marino e HF','*','B'),(98,1,'GENERAL','Dalla MOC 1 si possono controllare  e gestire le seguenti Radio','VHF marino e la  V/UHF','Solo VHF marino','V/UHF, HF','*','A'),(99,1,'GENERAL','Quali radio si possono controllare e gestire dalla postazione del Tavolo Tattico ?','V- UHF se non asservita al Data Link','VHF marino e HF  se non asserviti al Data Link','Nessuna','Le risposte A e B sono esatte','C'),(100,1,'APPARATI RADIO','Dalla postazione MOC1 si può ascoltare il canale di Soccorso VHF CH 16 ?','Solo se smista il selettore il selettore di funzionamento  su Guard 1','Solo se smista il selettore il selettore di funzionamento  su Guard 2','Sempre','Le risposte A e B sono esatte perchè sia G1 che G2 sono impostate sul ch 16','C'),(101,1,'APPARATI RADIO','Dalla postazione MOC2 si può trasmettere in fonia con la U-VHF supponedo che la radio sia regolarmente accesa e con una frequenza impostata ?','Si Selezionando il selettore VFM2 del proprio Audio Control Panel.','Si Selezionando il selettore VU3 del Proprio Audio Control Panel','Si solo Selezionando il selettore VU3 del  Audio Control Panel della MOC1','No mai','B'),(102,1,'APPARATI RADIO','Dalla postazione MOC1 si può trasmettere in fonia in HF supponendo che apparato sia acceso e settato ?','Si Sempre, Selezionando il selettore HF del proprio Audio Control Panel.','Si Selezionando il selettore HF del proprio Audio Control Panel solo con Sistema di Missione ATTIVO','Con Sistema Spento Sempre.  Con il sistema acceso verificando che Indicazione DL sul Swicting Unit non sia accesa','*','C'),(103,1,'APPARATI RADIO','Se la radio VHF marino della MOC1 è selezionato su CHARLIE 5 ma il selettore di modo è su Guard, dalla postazione del Tavolo Tattico…','Selezionando il pulsante dellAudio Control Panel VU1, si trasmette su charlie 5 e si riceve sul ch16','Selezionando il pulsante dellAudio Control Panel FM1, si trasmette su charlie 5 e si riceve sul ch16','Selezionando il pulsante dellAudio Control Panel VFM1, si trasmette  sul ch16','*','C'),(104,1,'APPARATI RADIO','Se gli apparati radio VHF marino e U/VHF della MOC1 sono in avaria, l\'operatore alla MOC1 puo trasmettere sul canale 16.','No puo solo ricevere selezionando il selettore sullAudio Control Panel VFM2','Si selezionando sul proprio A.C.P. VFM2','No mai','*','B'),(105,1,'GENERAL','Quante sono le uscite di sicurezza del velivolo ATR 42 MP','2 sul lato destro - 1 lato sinistro e 1 cielo cabina pilotaggio','2 sul lato destro - 2 lato sinistro e 1 cielo cabina pilotaggio','1 sul lato destro - 2 lato sinistro e 1 cielo cabina pilotaggio','*******************','B'),(106,1,'GENERAL','Premendo il pulsante VU3 sull\' audio Control Panel della MOC 2, agendo sul selettore RAD   con quale radio trasmettiamo','Nessuna perchè la MOC 2 non ha il V/UHF','V/UHF della MOC1','V/UHF della MOC2','*******************','B'),(107,1,'GENERAL','L\'apparato ATM su quali velivoli può essere imbarcato ?','Solo Manta 1','Su tutti i velivoli','E installato sul Manta 2 e sul Manta 1','E\' installato sul Manta 2 e sul Manta 3','B'),(108,1,'EOST','Dove è ubicata la DMCU','MOC1','MOC2','Console Comunication','**','C'),(109,1,'EOST','A cosa serve lo switch VIC presente sul HCU della torretta Wescam','Aumentare o diminuire lo Zoom','A cambiare la visualizzazione dei sensori','A variare la finestra dell\'AVT','*','B'),(110,1,'EOST','A cosa serve il tasto rapido F11?','A variare in azimuth e in elevation la posizione del EOST','A spostare in maniera automatica la torretta EOST su un User Marker specifico','Al puntamento automatico della torretta EOST su un target','Le risposte B e C sono corrette','D'),(111,1,'GENERAL','Lo Slar su quale velivolo non è installato','Solo su Manta 1','Manta 2 e Manta 3','Manta 3','Le risposte a e b sono corrette','C'),(112,1,'EOST','Quanti e quali sono le focali che si possono impostare sul sensore EON/SWIR','TRE (21-75-243)','QUATTRO (600-1200-1900-3200)','TRE (600-1200-3200)','A FOCALE CONTINUA DA 9 A 162','B'),(113,1,'EOST','Quanti e quali sono le focali che si possono impostare sul sensore EOW','TRE (21-75-243)','QUATTRO (600-1200-1900-3200)','TRE (600-1200-3200)','A FOCALE CONTINUA DA 9 A 162','D'),(114,1,'EOST','Dopo l\'attivazione per prendere il controllo della torretta devo:','Premere MAN','Premere FWD e poi MAN','Premere AUTO','*','B'),(115,1,'Tactical','Quanti capture posso inserire per ogni target salvato del Surface Report','1','10','5','*','B'),(116,1,'Tactical','Qual è la durata massima che posso registrare di un video del EOST ?','In base alla capienza del HARD DISK','60 minuti','30 minuti','1 Gb','C'),(117,2,'GENERAL','Il raffreddamento delle apparecchiature del SMTS viene effettuato con aria raffreddata proveniente da:','Dal pacco SX del gruppo condizionamento velivolo','Dal pacco DX del gruppo condizionamento velivolo','Da entrambi i pacchi','Tutte le risposte sono esatte','B'),(118,2,'GENERAL','Estraendo la SMTS Handle si verifica che:','La Manual Control Valve si chiude e l\'inserto posto all\'interno della \"mixing chamber \" si apre','La Manual Control Valve e l\'inserto posto all\'interno della \"mixing chamber \" si aprono contemporaneamente','La manual Control Valve si apre e l\'inserto si chiude','*******************','C'),(119,2,'GENERAL','Quali sono i valori di tensione nominali in corrente continua ed alternata a 400 Hz applicate ai carichi SMTS:','24/28 VDC; 115 VAC monofase;','28 VDC; 115 VAC monofase; 220/400 VAC trifase','24/28 VDC; 200 VAC monofase; 115/200 VAC trifase','*******************','A'),(120,2,'GENERAL','Quanti inverter sono installati nel Sistema di missione per alimentare le apparecchiature del SMTS','Un inverter monofase e due trifase','Due inverter monofasi e due trifase','Dopo aggiornamento sistema ATOS non ci sono più inverter','Dopo l\'aggiornamento dei sistemi (anno 2020) un solo inverter','D'),(121,2,'FARO','L\'escursione in elevation del faro rispetto al proprio asse é:','da 0 a -50°','da +5° a -50°','da 0° a -60°','*******************','B'),(122,2,'APPARATI RADIO','Quale di queste frequenze è quella di guardia del sistema in mod. VHF/AM','121.800 MHZ','121.500 MHZ','128.500 kHZ','*******************','B'),(123,2,'APPARATI RADIO','Al termine della prodecura di test della radio V/UFH AM-FM la luce \"FAIL\" in caso di malfunzione:','Resta accesa','Continua a lampeggiare','Si spegne','*******************','A'),(124,2,'GENERAL','Il ricevitore HF e la sua antenna Tuning Unit si trovano:','Dietro il pannello posteriore del vano cargo posteriore','Nel Rack Apparati','Sotto il pavimento della cabina passeggeri in posizione baricentrica','Dietro alla postazione del Captain','A'),(125,2,'GENERAL','Con il pulsante HF dell\'Audio Control Panel della MOC1 inserito cosa avviene se agisco sullo switch INT/RAD','Predispongo la HF per la trasmissione SATCOMM','Si Trasmette sulla frequenza che il TACCO ha impostato sulla radio.','Si Trasmette sulla frequenza che il CAPTAIN ha impostato sulla radio.','*******************','C'),(126,2,'GENERAL','Se il pulsante VFM1 dell\'Audio Control Panel del Tavolo Tattico è inserito cosa accade.','Il tacco Trasmette in caso di emergenza con la radio VHF AM del CM1','Il tacco predispone in caso di emergenza  la radio VHF AM del CM1, per il controllo dell\'operatore della MOC1','Il tacco Trasmette  con la radio VHF della MOC1','Il tacco Trasmette  con la radio U/VHF della MOC1','C'),(127,2,'GENERAL','Se il pulsante VFM2 dell\'Audio Control Panel della MOC2 è inserito e successivamente premo  il pulsante VU3 su quali radio trasmetto ?','Nessuna perchè sul ACP della MOC2 non c\'è il pulsante VU3 (radio U/VHF solo MOC1)','Possono trasmettere sia con la  VHF della MOC1 sia con la UHF della MOC1','Possono trasmettere sia con la  VHF della MOC2 sia con la UHF della MOC1','Posso Trasmettere con la radio V/UHF del SMTS','D'),(128,2,'EOST','Con quale comando si riposiziona la torretta in posizione di riposo','HOLD','STOW','CAGE','*******************','B'),(129,2,'EOST','Quanti e quali sono le focali che si possono impostare sul sensore EON','TRE (21-75-243)','QUATTRO (600-1200-1900-3200)','TRE (600-1200-3200)','A FOCALE CONTINUA DA 9 A 162','B'),(130,2,'EOST','Quali sono le focali che possiamo usare con il sensore IR dellaWESCAM 20','21-75-243','9-162','600-1200-1900-3200','tutte le risposte sono errate','D'),(131,2,'TACTICAL','Quanti USER MARKER possiamo inserire sulla tactical Situation','10','50','100','*******************','C'),(132,2,'RADAR','Dove è ubicato il RTP del Radar Gabbiano ULTS80 ?','Rack Apparati','Sotto il pavimento vicino alla botola ATM','MOC 1','Sotto in pavimento vicino al sedile della MOC1','D'),(133,2,'GENERAL','A cosa serve l\'Auto Parallel Switch ?','A commutare l\' HF da modalità Radio a DL','A connettere la Work Station (moc1)  al Mission Computer della Moc1','A connettere le Work Station al Mission Computer.','Ha connettere la stampante alle WorkStation del SMTS','D'),(134,2,'GENERAL','Dove è ubicata la Analog Video Switch (AVS)','Rack Apparati','Rack Ausiliario','Una nella Moc1 e una nella  Moc2','Moc1','D'),(135,2,'GENERAL','Dove è ubicato il \"Interface Unit\"  (IFU) ?','Moc1','Moc1 - Moc 2 (c\'è ne sono due una per Moc)','Rack Apparati','*******************','A'),(136,2,'GENERAL','Dove è ubicato il Contol Panel del faro di ricerca?','Moc1','Console Comunication','Rack Ausiliario','Observer di dx','B'),(137,2,'APPARATI RADIO','A cosa serve anche se non utilizzabile lo Switching Unit  Control Panel ?','A trasformare i segnali digitali del\' EOST in analogico da inviare al faro di ricerca','Ad interfacciare il SMTS con il radar SLAR','A selezionare le modalità di funzionamento delle radio HF e V/UHF (moc1)','Tutte le risposte sono errate','C'),(138,2,'RADAR','Al fine di avere una buona immagine ISAR occorre','Mare grosso e angolo di aspetto perpendicolare alla prua del velivolo','Mare calmo e angolo di aspetto sui 40 ° rispetto alla prua del velivolo','Mare grosso e angolo di aspetto sui 40° rispetto al fascio radar.','Le risposte B-C sono esatte','C'),(139,2,'GENERAL','Qual\'è la funzione del TDO ?','Alimentare il Mission Computer','Alimentare i carichi sensibili alle Power interruption ed è collegato alla batteria','Alimentare i carichi sensibili alle Power interruption ed è collegato alla batteria di emergenza','Tutte le risposte sono errate','C'),(140,2,'GENERAL','Se va in avaria in GEN 1 del velivolo cosa accade.','Il SMTS rimane acceso perchè il TDO mantiene il carico per il tempo necessario a spegnere il sistema','Il SMTS in automatico spegne tutti i computer in modo da non danneggiarli','Viene a mancare l\'alimentazione del SMTS','*******************','C'),(141,2,'GENERAL','Il pulsante CNT SMOKE in cabina di pilotaggio se messo in ON','Abilita i 3 rilevatori di fumi in cabina','Abilita i 4 rilevatori di fumi in cabina e apre la Manual Control Valve','Abilita i 4 rilevatori di fumi in cabina e chiude la Manual Control Valve','Tutte le risposte sono errate','D'),(142,2,'GENERAL','Quanti container del tipo omologato per ATR 42 si possono imbarcare in configurazione CARGO','9','8','Nessuno per mancanza di omologazione','*******************','A'),(143,2,'GENERAL','Qual è la pubblicazione di Maricogecap di riferimento per il personale E.F.V. della linea ATR 42','AER 103 ED OTT 2019','AER 103 ED SETT 2013','AER 102 ED SETT 2013','**','B'),(144,2,'GENERAL','A bordo del velivolo ATR 42 MP chi è il responsabile della condotta del velivolo','Pilota con il grado più alto','Mission Commander','Pilota  la qualifica più elevata a bordo','*','C'),(145,2,'GENERAL','Dove siede a bordo del velivolo ATR 42 il CM1','A destra','A sinistra','Tavolo Tattico','*','B'),(146,2,'GENERAL','Dove siede a bordo del velivolo ATR 42 il CM2','A destra','A sinistra','Tavolo Tattico','*','A'),(147,2,'GENERAL','Quante ore di volo deve effettuare un operatore pronto impiego per mantenere la qualifica','80 annuali','35 per semestre','70 annuali','*','B'),(148,2,'GENERAL','Dopo quanto tempo di inattività un operatore pronto impiego perde la qualifica','1 mese','2 mesi','3 mesi','*','B'),(149,2,'RADAR','La massima scala selezionabile in modalità SRV è','160 Nm','80 Nm','40 Nm','*******************','A'),(150,2,'GENERAL','Quanti paracadutisti Si potrebbero imbarcare sul velivolo ATR 42 MP','27','36','48','*******************','A'),(151,2,'GENERAL','Quanti passeggeri si possono imbarcare al massimo sul velivolo ATR 42 MP in configurazione trasporto passeggeri','42','48','46','***','B'),(152,2,'FARO','Il Faro di ricerca è alimentato dalla:','Lo STATIC INV 3 PH','TRU','TDO','********','B'),(153,2,'FARO','L\'energia elettrica necessaria per alimentare la lampada ad elevata intensità del faro di ricerca viene prelevata dalla:','28 VDC MAIN BUS 1','28VDC HOT MAIN BATT BUS','115/200 VAC MAIN BUS 1','********','C'),(154,2,'FARO','Gli interruttori a posizione momentanea \"START\", installati sia sulla manual control box che sul pannello di controllo della consolle (COC), hanno la funzione di:','Avviare il sistema faro di ricerca ed i relativi circuiti di controllo','Innescare l\'accensione della lampada del faro','Inizializzare l\'asservimento del faro alla telecamera sulla torretta EOST','********','B'),(155,2,'FARO','La calibrazione del faro di ricarca deve essere effettuata:','Con sistema di missione operativo e prima del primo volo della giornata','Dopo la rimozione/installazione del faro di ricerca e/o della torretta EOST e/o delle scatole di controllo e/o dei rispettivi circuiti di interconnessione','Ad ogni primo volo della giornata dopo il decollo e con sistema di missione già operativo','********','B'),(156,2,'GENERAL','Sulla MOC 1 la spia OVER TEMP MOC#1 del quadretto di comando EDU #1 si accende :','Quando la temperatura dell\'aria in uscita dalla consolle MOC 1  supera i 45 ° C.','Dopo circa 10 sec. da quando sono state ripristinate le normali condizioni di raffreddamento del sistema SMTS','Quando la temperatura dell\'aria in uscita dalla consolle MOC 1  supera i 55 ° C.','Le risposte B e C sono esatte','C'),(157,2,'GENERAL','Sul quadretto di comando EDU # 1 installato sulla MOC 1, l\'accensione della spia FAULT sul pulsante COOLING FAN avviene in caso di:','Disagree tra il comando e la posizione reale della OVERBOARD VALVE','Forzatura in posizione di chiusura della OVERBOARD VALVE','Avaria del ventilatore di estrazione dell\'aria o dei circuiti elettrici a lui annessi','********','C'),(158,2,'GENERAL','Con velivolo a terra e sistema SMTS operativo, posizionando l\'interruttore OVBD VALVE su CL ci si predispone per :','Chiudere completamente la OVERBOARD VALVE per trattenere l\'aria estratta dalle consolles e dal rack apparati all\'interno del velivolo','Controllare l\'apertura di questa valvola in modo manuale e quindi parzializzare la luce di scarico dell\'aria verso l\'esterno','Aprire completamente la valvola per scaricare rapidamente a terra tutta l\'aria estratta dal sistema SMTS','********','A'),(159,2,'GENERAL','Sul quadretto di comando EDU # 1 installato sulla MOC 1, l\'accensione della spia SMOKE indica che:','All\'interno della MOC 1 (la consolle prioritaria per l\'operatività del sistema SMTS) vi è presenza di fumo','Nella zona della cabina passeggeri, dove sono installate le consolles, la presenza di fumo ha attivato gli SMOKE DETECTORS del cielo cabina','Nel condotto di estrazione dell\'aria vi è presenza di fumo','********','C'),(160,2,'GENERAL','Lo STATIC INV 1 PH alimenta:','Stampante','Radar','Faro di ricerca','********','A'),(161,2,'GENERAL','L\'alimentazione elettrica dei carichi SMTS viene effettuato tramite dei quadretti di comando così dislocati:','Uno in cabina di pilotaggio sulla consolle laterale Sx ed un altro sul Rack Apparati','Uno sulla MOC 1, uno sulla MOC 2 ed uno sulla COC.','Uno in cabina di pilotaggio sulla consolle laterale Dx ed un altro sulla MOC 1','********','C'),(162,2,'GENERAL','Sui quadretti di comando dell\'alimentazione elettrica del sistema SMTS sono installati due interruttori denominati MASTER SW (2P) e PWR(EDU1) ON/OFF la cui funzione singolarmente è di:','Consentire il collegamento/scollegamento dei carichi SMTS in DC','Consentire il collegamento/scollegamento dei carichi SMTS in DC e contemporaneamente mantenere lo stato di carica della batteria che è collegata sulla barra di emergenza','Consentire il collegamento/scollegamento dei carichi SMTS solo in AC','Le risposte A e C sono esatte','A'),(163,2,'GENERAL','Gli interruttori MASTER SW e SMTS PWR ON/OFF sono dotati ciascuno di due spie inglobate nel pulsante di comando e denominate rispettivamente SHED ed OFF. L\'indicazione SHED sul pulsante MASTER PWR ON/OFF DEL 2° P è accesa nelle seguenti condizioni:','Quando il pulsante MASTER SW viene selezionato OFF','Quando entrambi gli interruttori vengono selezionati OFF','Quando il pulsante MASTER SW viene selezionato ON ed il pulsante PWR ON/OFF viene selezionato OFF','Tutte le risposte sono errate','C'),(164,2,'APPARATI RADIO','Il Captain può utilizzare la radio HF per contattare la C.O. di Roma','Si Sempre perchè il control Panel della Radio HF è ubicata in cabina di pilotaggio','No perchè la gestione della RADIO HF è di competenza dell\'Operatore di Volo','Si, solo però se la spia DL sul miscellaneus Control panel in cabina di pilotaggio non sia accesa.','Si, solo però se la spia AVAIL sul miscellaneus Control panel in cabina di pilotaggio  sia spenta.','C'),(165,2,'GENERAL','Dove sono ubicate le scatole nere del velivolo','Coda velivolo non accessibili per sicurezza','Coda velivolo accessibili tramite uno sportelli','Cargo vicino alla batteria in modo da essere sempre alimentati','*','B'),(166,2,'RADAR','Il tasto rapido F4 a cosa serve','Ad inizializzare una traccia radar','A selezionare lo zoom radar','A cambiare la scala','Ad effettuare l\'ON TOP','A'),(167,2,'EOST','Può accadere che la posizione del velivolo che leggiamo sullla situazione tattica sia diversa da quella che leggiamo sul monitor sensori (eost).','No perché è sepre quella che viene dal FMS e GPS','Si solo sé va in avaria il GPS','Si','**','C'),(168,2,'GENERAL','A cosa serve il comando rapido F9','Ad inizializzare una traccia radar','A marcare l\'on top','A registrare il video EOST','**','C'),(169,2,'EOST','Lo switch \"VIC\" del Hand Control dell\'Eost serve.','A variare l\'algoritmo del AVT','Premendo verso l\'alto a selezionare il sensore da visionare','a selezionare la modalità Filter SPA On/Off','Tutte le risposte sono errate','B'),(170,2,'EOST','A cosa serve il tasto \"Geo Focus\" dell\'Hand Control dell\'Eost','Ad attivare/disattivare Auto focus','Ad attivare e disattivare il laser','A selezioanre i POI','**','A'),(171,2,'GENERAL','Come si attivata ELT - Emergency Locator Trasmitter','A contatto con l\'acqua e con una accellerazione > 1 g','Dal pilota','con accellerazione superiore a 5 g','*','C'),(172,2,'GENERAL','Qual è la differenza tra MANTA 1 e MANTA 2','Nessuna sono tutte e 2 dei 400','Nessuna sono tutte e 2 dei 500','il M1 è un 400 il M2 è un 500','il M1 è un 500 il M2 è un 400','C'),(173,2,'GENERAL','Il radar SLAR su che velivolo è installato','Su tutti i velivoli','Solo su Manta 1','E installato sul Manta 2 e sul Manta 1','E\' installato sul Manta 2 e sul Manta 3','C'),(174,2,'GENERAL','L\'apparato ATM è imbarcato sul Manta 3.','vero','E installato sul Manta 2 e sul Manta 1','E\' installato sul Manta 2 e sul Manta 3','****','C'),(175,2,'SATCOMM','Dove è ubicato il sistema satellitare SDU 7320','moc1','coc','rack apparati in basso','rack apparati in alto','D'),(176,2,'AIS','Dove è ubicato il sistema AIS','MOC1','MOC2','rack apparati in alto','rack apparati in basso','D'),(177,2,'SATCOMM','Dove è ubicato High Power Amplifier HPA-7450 del sistema satcomm','moc1','cielo cabina sotto l\'antenna','rack apparati','**','C'),(178,2,'SATCOMM','Come si attiva il telefono satellitare','Quando accendiamo un motore avendo così la DC di un generatore','Quando attiviamo il sistema di missione','Devo selezionare POWER ON nella Vcu del SATCOMM','Devo selezionare la connessione background nella vcu del Satcomm','C'),(179,2,'AIS','Come mi accorgo se arriva un mesaggio AIS','Non posso ricevere messaggi perché Maricogeap ha inibito questa funzione','Viene visulaizzato in verde una indicazione di AIS MSG in basso a sinistra vicino al pulsante status','Sul tattico viene mostrato un messaggio \"msg AIS\"','**','B'),(180,2,'AIS','Posso inviare dei brevi messaggi con il sistema AIS verso altre stazioni AIS','Non posso ricevere messaggi perché Maricogeap ha inibito questa funzione','Si ma devo attivare la funzione TX ON nella finestra active mode','Si basta selezionare il destinatario e premere il pulsante SEND','*','B'),(181,2,'GENERAL','Dove è ubicato lo Switch Gbit','MOC1','Rack Apparati','Rack Ausiliario','**','B'),(182,2,'GENERAL','Dove è ubicato il Radar Maintenance Panel','MOC1','Rack Apparati in basso vicino al Ricetrasmettitore','Console Comunication','**','C'),(183,2,'GENERAL','Dove è ubicato il Digital Master Control Unit (DMCU)','MOC1','Rack Apparati in basso','Console Comunication','**','C'),(184,2,'GENERAL','Dove è ubicata la Video Audio Encoder (VAE)','MOC1','Rack Apparati in basso','onsole Comunication','**','C'),(185,2,'GENERAL','Posso cambiare l\'identificativo della missione \"set id\" se ho attivo lo SLAR','SI','NO','**','**','B'),(186,2,'TACTICAL','Tramite la HCU della wescam 20 l si possono registrare le immagini presentati sul monitor sensori in formato analogico.','NO','Si, premendo il PUSH BUTTON frontale sinistro nero','Sì, premendo il PUSH BUTTON frontale destro rosso','*','A'),(187,2,'TACTICAL','Di che colore è il piano di volo attivo?','Rosso','Verde','Bianco','*','C'),(188,2,'TACTICAL','Si può  modificare un piano di volo attivo?','No','Sì, ma dopo averlo acquisito selezionando \"Load Curr\" nel Mission Planing e rinviato al FMS','Sì, ma dopo averlo acquisito selezionando \"New\" nel Mission Planing e rinviato al FMS','*','B'),(189,2,'TACTICAL','Il pilota può visualizzare le coordinate del piano di volo impostato dal Sistema di Missione ?','No','Sì, solo dopo che l\'operatore ha selezionato la funzione nel Mission Planing TO FMS','Sì, solo se  su una delle MOC è abilitata la funzione FLAT DISPLAY','*','B'),(190,2,'TACTICAL','Quante sono le modalità di presentazione delle mappe di navigazione sulla Situazione Tattica?','2','3','4','*','B'),(191,2,'TACTICAL','In quale modalità di presentazione il simbolo del velivolo si muove all interno della Mappa?','North Oriented','Heading Oriented','North Fixed Oriented','*','C'),(192,2,'TACTICAL','Che cosa è E/O LOS?','La Slant Range del Radar','IL  punto di intersezione con il terreno del sensore elettroottico','IL Bearing del DF','*','B'),(193,2,'TACTICAL','Quali sono i parametri visualizzati dal Measure Tool ?','Solo il RANGE','Solo il BEARING e il TTG','RANGE E BEARING','*','C'),(194,2,'TACTICAL','Si possono visualizzare i dati caratteristici (lat-Long etc) di un target Radar sulla Situazione Tattica?','no','Sì, sempre','Sì, solo dopo averlo selezionato','*','C'),(195,2,'TACTICAL','Quali sono i dati che fornisce la funzione di Cursor Reporting ?','La posizione geografica (Lat, Lon) del velivolo','La posizione geografica dei target','La posizione geografica del cursore','*','C'),(196,2,'TACTICAL','Cosa permette di effettuare la funzione SET ID?','di settare i dati del piano di volo','di inserire o modificare un identificativo della missione','di visualizzare la Lat, Long  del coursor Reporting','*','B'),(197,2,'GENERAL','Quando generalmente, in condizioni standard, si procede alla procedura di attivazione del S.M.T.S.','Durante le manovre di rullaggio, in modo di avere il sistema operativo subito dopo il decollo.','dopo l\' after take off check list a descrizione del Captain','Dopo la messa in moto di entrambi i velivoli in modo che possiamo raffreddare il S.M.T.S.','*','B'),(198,2,'GENERAL','Quando generalmente in condizioni standard si procede allo spegnimento del S.M.T.S.','A discrezione del CAPTAIN, prima delle manovre di atterraggio.','Con il velivolo al parcheggio, prima di spegnere il motore dx','Durante le fasi di rullaggio per poter scaricare dal data base i dati di missione','*','A'),(199,2,'GENERAL','In condizioni normali dopo quando tempo la spia fault del pulsante cooling fan si spegna dopo averlo messo in posizione di on.','Essendo una spia di FAULT, dopo aver eliminato l\'avaria.','Dopo circa 2 minuti','Dopo circa 3 minutii','*','B'),(200,2,'TACTICAL','Dalla postazione della MOC 1  si può visionare la quota BAROMETRICA del velivolo','Sulla titolazione delle immagini video dei sensori se abilitati con il pulsante frontale nero dell\'Hand Control','Sulla titolazione della presentazione delle immagini video dei sensori se abilitati con il pulsante frontale rosso dell\'Hand Control','Si può vedere sulla STATUS AREA.','Le risposte A e C sono corrette','C'),(201,2,'TACTICAL','Dalla MOC1 come si può visionare la quota RADAR','Sulla titolazione delle immagini video dei sensori EOST.','Si chiede al CM1-CM2','Si  può visionare nella STATUS AREA','Le risposte  A e C sono corrette','D'),(202,2,'TACTICAL','Supponendo che stiamo volando sul mare a 9,000 ft sulla MOC2 come si può visionare la quota RADAR ALTIMETRICA','Sulla titolazione delle immagini video dei sensori se abilitati con il pulsante frontale nero dell\'Hand Control','La si può vedere sulla STATUS AREA.','Non si puo\' vedere','Le risposte A e C sono corrette','C'),(203,2,'GENERAL','Come si attiva la cooling fan','Premendo il relativo Pulsante sul EDU1 ma con il Pulsante 1 PH INV su ON','Premendo il relativo Pulsante sul EDU1 ma  con il Pulsante Master Power su ON','Premendo il relativo Pulsante in cabina di pilotaggio','*','B'),(204,2,'RADAR','Cosa indica l\'acronimo STS del Radar Gabbiano ULT80','Scan To Scan','Search to scan','Sector to search','*','A'),(205,2,'RADAR','La massima scala selezionabile in modalità HSS è','160 Nm','80 Nm','40 Nm','*','C'),(206,2,'RADAR','La massima scala selzionabile in modalità Wethear','320 Nm','160 Nm','40 Nm','*','A'),(207,2,'RADAR','Quali sono i valori di STS selezionabili:','2-4-6-8','1-4-8-16','1-2-4-8','*','B'),(208,2,'GENERAL','Lo slar su quale velivolo  è instalalto','Su tutti i velivloli del Corpo','Su Manta 1 e Mata 2','Solo Manta 1','*','B'),(209,2,'GENERAL','Cosa succede quando la Manual Control Valve Handle viene tirata su e rotata in senso orario ?','Si convoglia tutta l\'aria proveniente dal pacco di raffreddamento del motore dx verso il sistema di missione, ma solo se il CM2 HA premuto il pulsante SMTS Master e loperatore ha premuto il pulsante COOLIN FAN su ON','Si convoglia tutta l\'aria proveniente dal pacco di raffreddamento del motore dx verso il sistema di missione','Si convoglia tutta l\'aria proveniente dal pacco di raffreddamento del motore dx verso il sistema di missione se il CM2 ha messo su off il pulsante AIR FLOW','*','C'),(210,2,'GENERAL','Con il velivolo ATR In configurazione trasporto truppe quanti soldati si possono imbarcare','Nessuno perché il velivolo ATR 42 MP non è certificato per il trasporto truppe','36','27','*','B'),(211,2,'GENERAL','Con il velivolo ATR in configurazione MEDEVAC quante barelle si possono installare a bordo dellATR 42 MP','6 sul lato dx  - 8 sul lato sinistro','6 sul lato dx  - 6 sul lato sinistro','Nessuna Perché in sede di certificazione questa configurazione non è stata autorizzata','*','A'),(212,2,'EOST','A cosa serve la funzione  AVT ?','Registrare in formato digitale le immagini dei sensori della torretta','Variare i parametri (focus, speed, zoom speed.) del sensore ATV','Ad inseguire un bersaglio automaticamente con la torretta','*','C'),(213,2,'GENERAL','Quali radio si possono controllare  e gestire dalla MOC2','VHF marino, UHF, HF','Solo VHF marino','VHF marino e HF','*','B'),(214,2,'GENERAL','Dalla MOC 1 si possono controllare  e gestire le seguenti Radio','VHF marino e la  V/UHF','Solo VHF marino','V/UHF, HF','*','A'),(215,2,'GENERAL','Quali radio si possono controllare e gestire dalla postazione del Tavolo Tattico ?','V- UHF se non asservita al Data Link','VHF marino e HF  se non asserviti al Data Link','Nessuna','Le risposte A e B sono esatte','C'),(216,2,'APPARATI RADIO','Dalla postazione MOC1 si può ascoltare il canale di Soccorso VHF CH 16 ?','Solo se smista il selettore il selettore di funzionamento  su Guard 1','Solo se smista il selettore il selettore di funzionamento  su Guard 2','Sempre','Le risposte A e B sono esatte perchè sia G1 che G2 sono impostate sul ch 16','C'),(217,2,'APPARATI RADIO','Dalla postazione MOC2 si può trasmettere in fonia con la U-VHF supponedo che la radio sia regolarmente accesa e con una frequenza impostata ?','Si Selezionando il selettore VFM2 del proprio Audio Control Panel.','Si Selezionando il selettore VU3 del Proprio Audio Control Panel','Si solo Selezionando il selettore VU3 del  Audio Control Panel della MOC1','No mai','B'),(218,2,'APPARATI RADIO','Dalla postazione MOC1 si può trasmettere in fonia in HF supponendo che apparato sia acceso e settato ?','Si Sempre, Selezionando il selettore HF del proprio Audio Control Panel.','Si Selezionando il selettore HF del proprio Audio Control Panel solo con Sistema di Missione ATTIVO','Con Sistema Spento Sempre.  Con il sistema acceso verificando che Indicazione DL sul Swicting Unit non sia accesa','*','C'),(219,2,'APPARATI RADIO','Se la radio VHF marino della MOC1 è selezionato su CHARLIE 5 ma il selettore di modo è su Guard, dalla postazione del Tavolo Tattico…','Selezionando il pulsante dellAudio Control Panel VU1, si trasmette su charlie 5 e si riceve sul ch16','Selezionando il pulsante dellAudio Control Panel FM1, si trasmette su charlie 5 e si riceve sul ch16','Selezionando il pulsante dellAudio Control Panel VFM1, si trasmette  sul ch16','*','C'),(220,2,'APPARATI RADIO','Se gli apparati radio VHF marino e U/VHF della MOC1 sono in avaria, l\'operatore alla MOC1 puo trasmettere sul canale 16.','No puo solo ricevere selezionando il selettore sullAudio Control Panel VFM2','Si selezionando sul proprio A.C.P. VFM2','No mai','*','B'),(221,2,'GENERAL','Quante sono le uscite di sicurezza del velivolo ATR 42 MP','2 sul lato destro - 1 lato sinistro e 1 cielo cabina pilotaggio','2 sul lato destro - 2 lato sinistro e 1 cielo cabina pilotaggio','1 sul lato destro - 2 lato sinistro e 1 cielo cabina pilotaggio','*******************','B'),(222,2,'GENERAL','Premendo il pulsante VU3 sull\' audio Control Panel della MOC 2, agendo sul selettore RAD   con quale radio trasmettiamo','Nessuna perchè la MOC 2 non ha il V/UHF','V/UHF della MOC1','V/UHF della MOC2','*******************','B'),(223,2,'GENERAL','L\'apparato ATM su quali velivoli può essere imbarcato ?','Solo Manta 1','Su tutti i velivoli','E installato sul Manta 2 e sul Manta 1','E\' installato sul Manta 2 e sul Manta 3','B'),(224,2,'EOST','Dove è ubicata la DMCU','MOC1','MOC2','Console Comunication','**','C'),(225,2,'EOST','A cosa serve lo switch VIC presente sul HCU della torretta Wescam','Aumentare o diminuire lo Zoom','A cambiare la visualizzazione dei sensori','A variare la finestra dell\'AVT','*','B'),(226,2,'EOST','A cosa serve il tasto rapido F11?','A variare in azimuth e in elevation la posizione del EOST','A spostare in maniera automatica la torretta EOST su un User Marker specifico','Al puntamento automatico della torretta EOST su un target','Le risposte B e C sono corrette','D'),(227,2,'GENERAL','Lo Slar su quale velivolo non è installato','Solo su Manta 1','Manta 2 e Manta 3','Manta 3','Le risposte a e b sono corrette','C'),(228,2,'EOST','Quanti e quali sono le focali che si possono impostare sul sensore EON/SWIR','TRE (21-75-243)','QUATTRO (600-1200-1900-3200)','TRE (600-1200-3200)','A FOCALE CONTINUA DA 9 A 162','B'),(229,2,'EOST','Quanti e quali sono le focali che si possono impostare sul sensore EOW','TRE (21-75-243)','QUATTRO (600-1200-1900-3200)','TRE (600-1200-3200)','A FOCALE CONTINUA DA 9 A 162','D'),(230,2,'EOST','Dopo l\'attivazione per prendere il controllo della torretta devo:','Premere MAN','Premere FWD e poi MAN','Premere AUTO','*','B'),(231,2,'Tactical','Quanti capture posso inserire per ogni target salvato del Surface Report','1','10','5','*','B'),(232,2,'Tactical','Qual è la durata massima che posso registrare di un video del EOST ?','In base alla capienza del HARD DISK','60 minuti','30 minuti','1 Gb','C');
/*!40000 ALTER TABLE `esami_questions` ENABLE KEYS */;
UNLOCK TABLES;

--
-- Table structure for table `esami_students`
--

DROP TABLE IF EXISTS `esami_students`;
/*!40101 SET @saved_cs_client     = @@character_set_client */;
/*!50503 SET character_set_client = utf8mb4 */;
CREATE TABLE `esami_students` (
  `id` int NOT NULL AUTO_INCREMENT,
  `user_id` int NOT NULL,
  `rank` varchar(80) NOT NULL,
  `name` varchar(100) NOT NULL,
  `surname` varchar(100) NOT NULL,
  `qualification` varchar(150) DEFAULT NULL,
  `email` varchar(150) NOT NULL,
  `class_id` int DEFAULT NULL,
  `created_at` timestamp NULL DEFAULT CURRENT_TIMESTAMP,
  `role_at_assignment` varchar(30) DEFAULT 'allievo',
  PRIMARY KEY (`id`),
  UNIQUE KEY `user_id` (`user_id`),
  UNIQUE KEY `email` (`email`),
  KEY `class_id` (`class_id`),
  CONSTRAINT `esami_students_ibfk_1` FOREIGN KEY (`user_id`) REFERENCES `utenti` (`id`) ON DELETE CASCADE,
  CONSTRAINT `esami_students_ibfk_2` FOREIGN KEY (`class_id`) REFERENCES `esami_classes` (`id`) ON DELETE SET NULL
) ENGINE=InnoDB AUTO_INCREMENT=9 DEFAULT CHARSET=utf8mb4 COLLATE=utf8mb4_0900_ai_ci;
/*!40101 SET character_set_client = @saved_cs_client */;

--
-- Dumping data for table `esami_students`
--

LOCK TABLES `esami_students` WRITE;
/*!40000 ALTER TABLE `esami_students` DISABLE KEYS */;
INSERT INTO `esami_students` VALUES (2,9,'','Alessia','Brancati',NULL,'alessia.brancati@mit.gov.it',NULL,'2026-03-05 19:14:55','allievo'),(3,10,'','Tommaso','Pisano',NULL,'tommaso.pisano@mit.gov.it',NULL,'2026-03-05 19:14:55','allievo'),(5,13,'12','Enrrico','Monaco',NULL,'enrico.monaco@mit.gov.it',NULL,'2026-03-08 19:54:45','allievo'),(8,16,'2° Capo Sc Np/Ov ','Francesco','Toscano',NULL,'francesco.toscano@mit.gov.it',NULL,'2026-03-08 21:46:35','allievo');
/*!40000 ALTER TABLE `esami_students` ENABLE KEYS */;
UNLOCK TABLES;

--
-- Table structure for table `log_accessi`
--

DROP TABLE IF EXISTS `log_accessi`;
/*!40101 SET @saved_cs_client     = @@character_set_client */;
/*!50503 SET character_set_client = utf8mb4 */;
CREATE TABLE `log_accessi` (
  `id` int NOT NULL AUTO_INCREMENT,
  `utente_id` int DEFAULT NULL,
  `username_tentato` varchar(50) CHARACTER SET utf8mb4 COLLATE utf8mb4_unicode_ci DEFAULT NULL,
  `ip_address` varchar(45) CHARACTER SET utf8mb4 COLLATE utf8mb4_unicode_ci DEFAULT NULL,
  `user_agent` varchar(300) CHARACTER SET utf8mb4 COLLATE utf8mb4_unicode_ci DEFAULT NULL,
  `esito` enum('successo','fallito') CHARACTER SET utf8mb4 COLLATE utf8mb4_unicode_ci NOT NULL,
  `created_at` timestamp NULL DEFAULT CURRENT_TIMESTAMP,
  PRIMARY KEY (`id`),
  KEY `utente_id` (`utente_id`),
  CONSTRAINT `log_accessi_ibfk_1` FOREIGN KEY (`utente_id`) REFERENCES `utenti` (`id`) ON DELETE SET NULL
) ENGINE=InnoDB AUTO_INCREMENT=203 DEFAULT CHARSET=utf8mb4 COLLATE=utf8mb4_unicode_ci;
/*!40101 SET character_set_client = @saved_cs_client */;

--
-- Dumping data for table `log_accessi`
--

LOCK TABLES `log_accessi` WRITE;
/*!40000 ALTER TABLE `log_accessi` DISABLE KEYS */;
INSERT INTO `log_accessi` VALUES (1,NULL,'francesco.basile@mit.gov.it','127.0.0.1','Mozilla/5.0 (Macintosh; Intel Mac OS X 10_15_7) AppleWebKit/605.1.15 (KHTML, like Gecko) Version/16.6.1 Safari/605.1.15','fallito','2026-02-28 12:25:13'),(2,NULL,'francesco.basile@mit.gov.it','127.0.0.1','Mozilla/5.0 (Macintosh; Intel Mac OS X 10_15_7) AppleWebKit/605.1.15 (KHTML, like Gecko) Version/16.6.1 Safari/605.1.15','fallito','2026-02-28 13:19:14'),(3,NULL,'francesco.basile@mit.gov.it','127.0.0.1','Mozilla/5.0 (Macintosh; Intel Mac OS X 10_15_7) AppleWebKit/605.1.15 (KHTML, like Gecko) Version/16.6.1 Safari/605.1.15','fallito','2026-02-28 13:19:57'),(4,NULL,'francesco.basile@mit.gov.it','127.0.0.1','Mozilla/5.0 (Macintosh; Intel Mac OS X 10_15_7) AppleWebKit/605.1.15 (KHTML, like Gecko) Version/16.6.1 Safari/605.1.15','fallito','2026-02-28 13:20:02'),(5,NULL,'admin.naaf','127.0.0.1','Mozilla/5.0 (Macintosh; Intel Mac OS X 10_15_7) AppleWebKit/605.1.15 (KHTML, like Gecko) Version/16.6.1 Safari/605.1.15','fallito','2026-02-28 13:21:23'),(6,NULL,'admin.naaf','127.0.0.1','Mozilla/5.0 (Macintosh; Intel Mac OS X 10_15_7) AppleWebKit/605.1.15 (KHTML, like Gecko) Version/16.6.1 Safari/605.1.15','fallito','2026-02-28 13:21:32'),(7,NULL,'francesco.basile@mit.gov.it','127.0.0.1','Mozilla/5.0 (Macintosh; Intel Mac OS X 10_15_7) AppleWebKit/605.1.15 (KHTML, like Gecko) Version/16.6.1 Safari/605.1.15','fallito','2026-02-28 13:25:15'),(8,NULL,'francesco.basile@mit.gov.it','127.0.0.1','Mozilla/5.0 (Macintosh; Intel Mac OS X 10_15_7) AppleWebKit/605.1.15 (KHTML, like Gecko) Version/16.6.1 Safari/605.1.15','fallito','2026-02-28 13:25:33'),(9,NULL,'francesco.basile@mit.gov.it','127.0.0.1','Mozilla/5.0 (Macintosh; Intel Mac OS X 10_15_7) AppleWebKit/605.1.15 (KHTML, like Gecko) Version/16.6.1 Safari/605.1.15','fallito','2026-02-28 13:25:44'),(10,NULL,'francesco.basile@mit.gov.it','127.0.0.1','Mozilla/5.0 (Macintosh; Intel Mac OS X 10_15_7) AppleWebKit/605.1.15 (KHTML, like Gecko) Version/16.6.1 Safari/605.1.15','fallito','2026-02-28 13:25:55'),(11,NULL,'luigi.natale1970@gmail.com','127.0.0.1','Mozilla/5.0 (Macintosh; Intel Mac OS X 10_15_7) AppleWebKit/605.1.15 (KHTML, like Gecko) Version/16.6.1 Safari/605.1.15','fallito','2026-02-28 13:27:46'),(12,NULL,'admin.naaf','127.0.0.1','Mozilla/5.0 (Macintosh; Intel Mac OS X 10_15_7) AppleWebKit/605.1.15 (KHTML, like Gecko) Version/16.6.1 Safari/605.1.15','fallito','2026-02-28 13:34:29'),(13,NULL,'admin.naaf','127.0.0.1','Mozilla/5.0 (Macintosh; Intel Mac OS X 10_15_7) AppleWebKit/605.1.15 (KHTML, like Gecko) Version/16.6.1 Safari/605.1.15','fallito','2026-02-28 13:34:37'),(14,NULL,'admin.naaf','127.0.0.1','Mozilla/5.0 (Macintosh; Intel Mac OS X 10_15_7) AppleWebKit/605.1.15 (KHTML, like Gecko) Version/16.6.1 Safari/605.1.15','fallito','2026-02-28 13:34:44'),(15,NULL,'admin.naaf','127.0.0.1','Mozilla/5.0 (Macintosh; Intel Mac OS X 10_15_7) AppleWebKit/605.1.15 (KHTML, like Gecko) Version/16.6.1 Safari/605.1.15','fallito','2026-02-28 13:35:24'),(16,NULL,'admin.naaf','127.0.0.1','Mozilla/5.0 (Macintosh; Intel Mac OS X 10_15_7) AppleWebKit/605.1.15 (KHTML, like Gecko) Version/16.6.1 Safari/605.1.15','fallito','2026-02-28 13:40:24'),(17,NULL,'admin.naaf','127.0.0.1','Mozilla/5.0 (Macintosh; Intel Mac OS X 10_15_7) AppleWebKit/605.1.15 (KHTML, like Gecko) Version/16.6.1 Safari/605.1.15','fallito','2026-02-28 13:40:39'),(18,NULL,'admin.naaf','127.0.0.1','Mozilla/5.0 (Macintosh; Intel Mac OS X 10_15_7) AppleWebKit/605.1.15 (KHTML, like Gecko) Version/16.6.1 Safari/605.1.15','fallito','2026-02-28 13:43:05'),(19,NULL,'admin.naaf','127.0.0.1','Mozilla/5.0 (Macintosh; Intel Mac OS X 10_15_7) AppleWebKit/605.1.15 (KHTML, like Gecko) Version/16.6.1 Safari/605.1.15','fallito','2026-02-28 13:43:14'),(20,NULL,'admin.naaf','127.0.0.1','Mozilla/5.0 (Macintosh; Intel Mac OS X 10_15_7) AppleWebKit/605.1.15 (KHTML, like Gecko) Version/16.6.1 Safari/605.1.15','fallito','2026-02-28 13:43:51'),(21,NULL,'admin.naaf','127.0.0.1','Mozilla/5.0 (Macintosh; Intel Mac OS X 10_15_7) AppleWebKit/605.1.15 (KHTML, like Gecko) Version/16.6.1 Safari/605.1.15','fallito','2026-02-28 13:43:58'),(22,NULL,'admin.naaf','127.0.0.1','Mozilla/5.0 (Macintosh; Intel Mac OS X 10_15_7) AppleWebKit/605.1.15 (KHTML, like Gecko) Version/16.6.1 Safari/605.1.15','fallito','2026-02-28 13:44:06'),(23,NULL,'admin.naaf','127.0.0.1','Mozilla/5.0 (Macintosh; Intel Mac OS X 10_15_7) AppleWebKit/605.1.15 (KHTML, like Gecko) Version/16.6.1 Safari/605.1.15','fallito','2026-02-28 13:59:11'),(24,NULL,'admin.naaf','127.0.0.1','Mozilla/5.0 (Macintosh; Intel Mac OS X 10_15_7) AppleWebKit/605.1.15 (KHTML, like Gecko) Version/16.6.1 Safari/605.1.15','fallito','2026-02-28 13:59:18'),(25,NULL,'admin.naaf','127.0.0.1','Mozilla/5.0 (Macintosh; Intel Mac OS X 10_15_7) AppleWebKit/605.1.15 (KHTML, like Gecko) Version/16.6.1 Safari/605.1.15','fallito','2026-02-28 13:59:55'),(26,NULL,'admin.naaf','127.0.0.1','Mozilla/5.0 (Macintosh; Intel Mac OS X 10_15_7) AppleWebKit/605.1.15 (KHTML, like Gecko) Version/16.6.1 Safari/605.1.15','fallito','2026-02-28 14:00:02'),(27,NULL,'admin.naaf','127.0.0.1','Mozilla/5.0 (Macintosh; Intel Mac OS X 10_15_7) AppleWebKit/605.1.15 (KHTML, like Gecko) Version/16.6.1 Safari/605.1.15','fallito','2026-02-28 14:01:52'),(28,NULL,'admin.naaf','127.0.0.1','Mozilla/5.0 (Macintosh; Intel Mac OS X 10_15_7) AppleWebKit/605.1.15 (KHTML, like Gecko) Version/16.6.1 Safari/605.1.15','fallito','2026-02-28 14:10:46'),(29,NULL,'admin.naaf','127.0.0.1','Mozilla/5.0 (Macintosh; Intel Mac OS X 10_15_7) AppleWebKit/605.1.15 (KHTML, like Gecko) Version/16.6.1 Safari/605.1.15','fallito','2026-02-28 14:10:54'),(30,NULL,'admin.naaf','127.0.0.1','Mozilla/5.0 (Macintosh; Intel Mac OS X 10_15_7) AppleWebKit/605.1.15 (KHTML, like Gecko) Version/16.6.1 Safari/605.1.15','fallito','2026-02-28 14:13:04'),(31,NULL,'admin.naaf','127.0.0.1','Mozilla/5.0 (Macintosh; Intel Mac OS X 10_15_7) AppleWebKit/605.1.15 (KHTML, like Gecko) Version/16.6.1 Safari/605.1.15','fallito','2026-02-28 14:32:43'),(32,NULL,'admin.naaf','127.0.0.1','Mozilla/5.0 (Macintosh; Intel Mac OS X 10_15_7) AppleWebKit/605.1.15 (KHTML, like Gecko) Version/16.6.1 Safari/605.1.15','fallito','2026-02-28 16:18:42'),(33,2,'admin.naaf','127.0.0.1','Mozilla/5.0 (Macintosh; Intel Mac OS X 10_15_7) AppleWebKit/605.1.15 (KHTML, like Gecko) Version/16.6.1 Safari/605.1.15','successo','2026-03-02 06:01:40'),(34,2,'admin.naaf','127.0.0.1','Mozilla/5.0 (Macintosh; Intel Mac OS X 10_15_7) AppleWebKit/605.1.15 (KHTML, like Gecko) Version/16.6.1 Safari/605.1.15','successo','2026-03-02 06:05:41'),(35,2,'admin.naaf','127.0.0.1','Mozilla/5.0 (Macintosh; Intel Mac OS X 10_15_7) AppleWebKit/605.1.15 (KHTML, like Gecko) Version/16.6.1 Safari/605.1.15','successo','2026-03-02 13:44:51'),(36,2,'admin.naaf','127.0.0.1','Mozilla/5.0 (Macintosh; Intel Mac OS X 10_15_7) AppleWebKit/605.1.15 (KHTML, like Gecko) Version/16.6.1 Safari/605.1.15','successo','2026-03-02 13:45:11'),(37,NULL,'francesco.basile@mit.gov.it','127.0.0.1','Mozilla/5.0 (Macintosh; Intel Mac OS X 10_15_7) AppleWebKit/605.1.15 (KHTML, like Gecko) Version/16.6.1 Safari/605.1.15','fallito','2026-03-02 13:46:04'),(38,NULL,'francesco.basile@mit.gov.it','127.0.0.1','Mozilla/5.0 (Macintosh; Intel Mac OS X 10_15_7) AppleWebKit/605.1.15 (KHTML, like Gecko) Version/16.6.1 Safari/605.1.15','fallito','2026-03-02 13:46:12'),(39,NULL,'francesco.basile@mit.gov.it','127.0.0.1','Mozilla/5.0 (Macintosh; Intel Mac OS X 10_15_7) AppleWebKit/605.1.15 (KHTML, like Gecko) Version/16.6.1 Safari/605.1.15','fallito','2026-03-02 13:46:15'),(40,NULL,'francesco.basile@mit.gov.it','127.0.0.1','Mozilla/5.0 (Macintosh; Intel Mac OS X 10_15_7) AppleWebKit/605.1.15 (KHTML, like Gecko) Version/16.6.1 Safari/605.1.15','fallito','2026-03-02 13:46:27'),(41,2,'admin.naaf','127.0.0.1','Mozilla/5.0 (Macintosh; Intel Mac OS X 10_15_7) AppleWebKit/605.1.15 (KHTML, like Gecko) Version/16.6.1 Safari/605.1.15','successo','2026-03-02 13:46:38'),(42,NULL,'admin','127.0.0.1','Mozilla/5.0 (Macintosh; Intel Mac OS X 10_15_7) AppleWebKit/605.1.15 (KHTML, like Gecko) Version/16.6.1 Safari/605.1.15','fallito','2026-03-02 23:32:43'),(43,NULL,'admin','127.0.0.1','Mozilla/5.0 (Macintosh; Intel Mac OS X 10_15_7) AppleWebKit/605.1.15 (KHTML, like Gecko) Version/16.6.1 Safari/605.1.15','fallito','2026-03-02 23:32:52'),(44,2,'admin.naaf','127.0.0.1','Mozilla/5.0 (Macintosh; Intel Mac OS X 10_15_7) AppleWebKit/605.1.15 (KHTML, like Gecko) Version/16.6.1 Safari/605.1.15','successo','2026-03-02 23:32:57'),(45,2,'admin.naaf','127.0.0.1','Mozilla/5.0 (Macintosh; Intel Mac OS X 10_15_7) AppleWebKit/605.1.15 (KHTML, like Gecko) Version/16.6.1 Safari/605.1.15','successo','2026-03-03 00:11:06'),(46,NULL,'alessia.brancati@mit.gov.it','127.0.0.1','Mozilla/5.0 (Macintosh; Intel Mac OS X 10_15_7) AppleWebKit/605.1.15 (KHTML, like Gecko) Version/16.6.1 Safari/605.1.15','fallito','2026-03-03 00:12:30'),(47,2,'admin.naaf','127.0.0.1','Mozilla/5.0 (Macintosh; Intel Mac OS X 10_15_7) AppleWebKit/605.1.15 (KHTML, like Gecko) Version/16.6.1 Safari/605.1.15','successo','2026-03-03 00:12:55'),(48,2,'admin.naaf','127.0.0.1','Mozilla/5.0 (Macintosh; Intel Mac OS X 10_15_7) AppleWebKit/605.1.15 (KHTML, like Gecko) Version/16.6.1 Safari/605.1.15','successo','2026-03-03 06:07:23'),(49,2,'admin.naaf','127.0.0.1','Mozilla/5.0 (Macintosh; Intel Mac OS X 10_15_7) AppleWebKit/605.1.15 (KHTML, like Gecko) Version/16.6.1 Safari/605.1.15','successo','2026-03-03 07:42:33'),(50,2,'admin.naaf','127.0.0.1','Mozilla/5.0 (Macintosh; Intel Mac OS X 10_15_7) AppleWebKit/605.1.15 (KHTML, like Gecko) Version/16.6.1 Safari/605.1.15','successo','2026-03-03 07:43:43'),(51,2,'admin.naaf','127.0.0.1','Mozilla/5.0 (Macintosh; Intel Mac OS X 10_15_7) AppleWebKit/605.1.15 (KHTML, like Gecko) Version/16.6.1 Safari/605.1.15','successo','2026-03-03 07:55:43'),(52,2,'admin.naaf','127.0.0.1','Mozilla/5.0 (Macintosh; Intel Mac OS X 10_15_7) AppleWebKit/605.1.15 (KHTML, like Gecko) Version/16.6.1 Safari/605.1.15','successo','2026-03-03 07:58:07'),(53,2,'admin.naaf','127.0.0.1','Mozilla/5.0 (Macintosh; Intel Mac OS X 10_15_7) AppleWebKit/605.1.15 (KHTML, like Gecko) Version/16.6.1 Safari/605.1.15','successo','2026-03-03 08:05:52'),(54,2,'admin.naaf','127.0.0.1','Mozilla/5.0 (Macintosh; Intel Mac OS X 10_15_7) AppleWebKit/605.1.15 (KHTML, like Gecko) Version/16.6.1 Safari/605.1.15','successo','2026-03-03 08:09:17'),(55,2,'admin.naaf','127.0.0.1','Mozilla/5.0 (Macintosh; Intel Mac OS X 10_15_7) AppleWebKit/605.1.15 (KHTML, like Gecko) Version/16.6.1 Safari/605.1.15','successo','2026-03-03 08:30:43'),(56,2,'admin.naaf','127.0.0.1','Mozilla/5.0 (Macintosh; Intel Mac OS X 10_15_7) AppleWebKit/605.1.15 (KHTML, like Gecko) Version/16.6.1 Safari/605.1.15','successo','2026-03-03 08:31:56'),(57,2,'admin.naaf','127.0.0.1','Mozilla/5.0 (Macintosh; Intel Mac OS X 10_15_7) AppleWebKit/605.1.15 (KHTML, like Gecko) Version/16.6.1 Safari/605.1.15','successo','2026-03-03 11:07:06'),(58,2,'admin.naaf','127.0.0.1','Mozilla/5.0 (Macintosh; Intel Mac OS X 10_15_7) AppleWebKit/605.1.15 (KHTML, like Gecko) Version/16.6.1 Safari/605.1.15','successo','2026-03-03 11:19:13'),(59,NULL,'francesco.basile@mit.gov.it','127.0.0.1','Mozilla/5.0 (Macintosh; Intel Mac OS X 10_15_7) AppleWebKit/605.1.15 (KHTML, like Gecko) Version/16.6.1 Safari/605.1.15','fallito','2026-03-03 22:22:13'),(60,NULL,'francesco.basile@mit.gov.it','127.0.0.1','Mozilla/5.0 (Macintosh; Intel Mac OS X 10_15_7) AppleWebKit/605.1.15 (KHTML, like Gecko) Version/16.6.1 Safari/605.1.15','fallito','2026-03-03 22:22:24'),(61,NULL,'francesco.basile@mit.gov.it','127.0.0.1','Mozilla/5.0 (Macintosh; Intel Mac OS X 10_15_7) AppleWebKit/605.1.15 (KHTML, like Gecko) Version/16.6.1 Safari/605.1.15','fallito','2026-03-03 22:26:03'),(62,NULL,'francesco.basile@mit.gov.it','127.0.0.1','Mozilla/5.0 (Macintosh; Intel Mac OS X 10_15_7) AppleWebKit/605.1.15 (KHTML, like Gecko) Version/16.6.1 Safari/605.1.15','fallito','2026-03-03 22:26:22'),(63,NULL,'francesco.basile@mit.gov.it','127.0.0.1','Mozilla/5.0 (Macintosh; Intel Mac OS X 10_15_7) AppleWebKit/605.1.15 (KHTML, like Gecko) Version/16.6.1 Safari/605.1.15','fallito','2026-03-03 22:26:58'),(64,NULL,'francesco.basile@mit.gov.it','127.0.0.1','Mozilla/5.0 (Macintosh; Intel Mac OS X 10_15_7) AppleWebKit/605.1.15 (KHTML, like Gecko) Version/16.6.1 Safari/605.1.15','fallito','2026-03-03 22:27:05'),(65,NULL,'francesco.basile@mit.gov.it','127.0.0.1','Mozilla/5.0 (Macintosh; Intel Mac OS X 10_15_7) AppleWebKit/605.1.15 (KHTML, like Gecko) Version/16.6.1 Safari/605.1.15','fallito','2026-03-03 22:27:38'),(66,NULL,'francesco.basile@mit.gov.it','127.0.0.1','Mozilla/5.0 (Macintosh; Intel Mac OS X 10_15_7) AppleWebKit/605.1.15 (KHTML, like Gecko) Version/16.6.1 Safari/605.1.15','fallito','2026-03-03 22:27:53'),(67,2,'admin.naaf','127.0.0.1','Mozilla/5.0 (Macintosh; Intel Mac OS X 10_15_7) AppleWebKit/605.1.15 (KHTML, like Gecko) Version/16.6.1 Safari/605.1.15','successo','2026-03-03 22:28:42'),(68,NULL,'francesco.basile@mit.gov.it','127.0.0.1','Mozilla/5.0 (Macintosh; Intel Mac OS X 10_15_7) AppleWebKit/605.1.15 (KHTML, like Gecko) Version/16.6.1 Safari/605.1.15','fallito','2026-03-03 22:29:43'),(69,NULL,'francesco.basile@mit.gov.it','127.0.0.1','Mozilla/5.0 (Macintosh; Intel Mac OS X 10_15_7) AppleWebKit/605.1.15 (KHTML, like Gecko) Version/16.6.1 Safari/605.1.15','fallito','2026-03-03 22:31:25'),(70,NULL,'francesco.basile','127.0.0.1','Mozilla/5.0 (Macintosh; Intel Mac OS X 10_15_7) AppleWebKit/605.1.15 (KHTML, like Gecko) Version/16.6.1 Safari/605.1.15','successo','2026-03-03 22:37:25'),(71,NULL,'francesco.basile','127.0.0.1','Mozilla/5.0 (Macintosh; Intel Mac OS X 10_15_7) AppleWebKit/605.1.15 (KHTML, like Gecko) Version/16.6.1 Safari/605.1.15','successo','2026-03-03 22:43:19'),(72,NULL,'franceso.basile','127.0.0.1','Mozilla/5.0 (Macintosh; Intel Mac OS X 10_15_7) AppleWebKit/605.1.15 (KHTML, like Gecko) Version/16.6.1 Safari/605.1.15','fallito','2026-03-03 22:51:05'),(73,NULL,'francesco.basile','127.0.0.1','Mozilla/5.0 (Macintosh; Intel Mac OS X 10_15_7) AppleWebKit/605.1.15 (KHTML, like Gecko) Version/16.6.1 Safari/605.1.15','successo','2026-03-03 22:51:31'),(74,NULL,'francesco.basile@mit.gov.it','127.0.0.1','Mozilla/5.0 (Macintosh; Intel Mac OS X 10_15_7) AppleWebKit/605.1.15 (KHTML, like Gecko) Version/16.6.1 Safari/605.1.15','fallito','2026-03-04 04:50:01'),(75,NULL,'franceso.basile','127.0.0.1','Mozilla/5.0 (Macintosh; Intel Mac OS X 10_15_7) AppleWebKit/605.1.15 (KHTML, like Gecko) Version/16.6.1 Safari/605.1.15','fallito','2026-03-04 04:50:13'),(76,NULL,'franceso.basile','127.0.0.1','Mozilla/5.0 (Macintosh; Intel Mac OS X 10_15_7) AppleWebKit/605.1.15 (KHTML, like Gecko) Version/16.6.1 Safari/605.1.15','fallito','2026-03-04 04:50:21'),(77,2,'admin.naaf','127.0.0.1','Mozilla/5.0 (Macintosh; Intel Mac OS X 10_15_7) AppleWebKit/605.1.15 (KHTML, like Gecko) Version/16.6.1 Safari/605.1.15','fallito','2026-03-04 04:50:41'),(78,2,'admin.naaf','127.0.0.1','Mozilla/5.0 (Macintosh; Intel Mac OS X 10_15_7) AppleWebKit/605.1.15 (KHTML, like Gecko) Version/16.6.1 Safari/605.1.15','successo','2026-03-04 04:50:53'),(79,NULL,'alessia.brancati','127.0.0.1','Mozilla/5.0 (Macintosh; Intel Mac OS X 10_15_7) AppleWebKit/605.1.15 (KHTML, like Gecko) Version/16.6.1 Safari/605.1.15','successo','2026-03-04 04:52:21'),(80,NULL,'alessia.brancati','127.0.0.1','Mozilla/5.0 (Macintosh; Intel Mac OS X 10_15_7) AppleWebKit/605.1.15 (KHTML, like Gecko) Version/16.6.1 Safari/605.1.15','successo','2026-03-04 04:54:45'),(81,NULL,'alessia.brancati','127.0.0.1','Mozilla/5.0 (Macintosh; Intel Mac OS X 10_15_7) AppleWebKit/605.1.15 (KHTML, like Gecko) Version/16.6.1 Safari/605.1.15','successo','2026-03-04 04:58:01'),(82,NULL,'alessia.brancati','127.0.0.1','Mozilla/5.0 (Macintosh; Intel Mac OS X 10_15_7) AppleWebKit/605.1.15 (KHTML, like Gecko) Version/16.6.1 Safari/605.1.15','successo','2026-03-04 04:59:11'),(83,NULL,'alessia.brancati','127.0.0.1','Mozilla/5.0 (Macintosh; Intel Mac OS X 10_15_7) AppleWebKit/605.1.15 (KHTML, like Gecko) Version/16.6.1 Safari/605.1.15','successo','2026-03-04 05:05:34'),(84,NULL,'franceso.basile','127.0.0.1','Mozilla/5.0 (Macintosh; Intel Mac OS X 10_15_7) AppleWebKit/605.1.15 (KHTML, like Gecko) Version/16.6.1 Safari/605.1.15','fallito','2026-03-04 05:07:03'),(85,NULL,'franceso.basile','127.0.0.1','Mozilla/5.0 (Macintosh; Intel Mac OS X 10_15_7) AppleWebKit/605.1.15 (KHTML, like Gecko) Version/16.6.1 Safari/605.1.15','fallito','2026-03-04 05:07:09'),(86,NULL,'franceso.basile','127.0.0.1','Mozilla/5.0 (Macintosh; Intel Mac OS X 10_15_7) AppleWebKit/605.1.15 (KHTML, like Gecko) Version/16.6.1 Safari/605.1.15','fallito','2026-03-04 05:07:15'),(87,2,'admin.naaf','127.0.0.1','Mozilla/5.0 (Macintosh; Intel Mac OS X 10_15_7) AppleWebKit/605.1.15 (KHTML, like Gecko) Version/16.6.1 Safari/605.1.15','fallito','2026-03-04 05:07:50'),(88,2,'admin.naaf','127.0.0.1','Mozilla/5.0 (Macintosh; Intel Mac OS X 10_15_7) AppleWebKit/605.1.15 (KHTML, like Gecko) Version/16.6.1 Safari/605.1.15','successo','2026-03-04 05:08:01'),(89,NULL,'franceso.basile','127.0.0.1','Mozilla/5.0 (Macintosh; Intel Mac OS X 10_15_7) AppleWebKit/605.1.15 (KHTML, like Gecko) Version/16.6.1 Safari/605.1.15','fallito','2026-03-04 05:08:48'),(90,NULL,'francesco.basile@mit.gov.it','127.0.0.1','Mozilla/5.0 (Macintosh; Intel Mac OS X 10_15_7) AppleWebKit/605.1.15 (KHTML, like Gecko) Version/16.6.1 Safari/605.1.15','fallito','2026-03-04 05:08:56'),(91,NULL,'francesco.basile@mit.gov.it','127.0.0.1','Mozilla/5.0 (Macintosh; Intel Mac OS X 10_15_7) AppleWebKit/605.1.15 (KHTML, like Gecko) Version/16.6.1 Safari/605.1.15','fallito','2026-03-04 05:09:03'),(92,NULL,'franceso.basile','127.0.0.1','Mozilla/5.0 (Macintosh; Intel Mac OS X 10_15_7) AppleWebKit/605.1.15 (KHTML, like Gecko) Version/16.6.1 Safari/605.1.15','fallito','2026-03-04 05:11:22'),(93,NULL,'franceso.basile','127.0.0.1','Mozilla/5.0 (Macintosh; Intel Mac OS X 10_15_7) AppleWebKit/605.1.15 (KHTML, like Gecko) Version/16.6.1 Safari/605.1.15','fallito','2026-03-04 05:11:33'),(94,2,'admin.naaf','127.0.0.1','Mozilla/5.0 (Macintosh; Intel Mac OS X 10_15_7) AppleWebKit/605.1.15 (KHTML, like Gecko) Version/16.6.1 Safari/605.1.15','fallito','2026-03-04 05:11:45'),(95,2,'admin.naaf','127.0.0.1','Mozilla/5.0 (Macintosh; Intel Mac OS X 10_15_7) AppleWebKit/605.1.15 (KHTML, like Gecko) Version/16.6.1 Safari/605.1.15','successo','2026-03-04 05:11:53'),(96,NULL,'franceso.basile','127.0.0.1','Mozilla/5.0 (Macintosh; Intel Mac OS X 10_15_7) AppleWebKit/605.1.15 (KHTML, like Gecko) Version/16.6.1 Safari/605.1.15','fallito','2026-03-04 05:12:22'),(97,NULL,'franceso.basile','127.0.0.1','Mozilla/5.0 (Macintosh; Intel Mac OS X 10_15_7) AppleWebKit/605.1.15 (KHTML, like Gecko) Version/16.6.1 Safari/605.1.15','fallito','2026-03-04 05:14:04'),(98,NULL,'alessia.brancati','127.0.0.1','Mozilla/5.0 (Macintosh; Intel Mac OS X 10_15_7) AppleWebKit/605.1.15 (KHTML, like Gecko) Version/16.6.1 Safari/605.1.15','successo','2026-03-04 05:14:25'),(99,NULL,'franceso.basile','127.0.0.1','Mozilla/5.0 (Macintosh; Intel Mac OS X 10_15_7) AppleWebKit/605.1.15 (KHTML, like Gecko) Version/16.6.1 Safari/605.1.15','fallito','2026-03-04 05:17:44'),(100,NULL,'franceso.basile','127.0.0.1','Mozilla/5.0 (Macintosh; Intel Mac OS X 10_15_7) AppleWebKit/605.1.15 (KHTML, like Gecko) Version/16.6.1 Safari/605.1.15','fallito','2026-03-04 05:17:55'),(101,NULL,'franceso.basile','127.0.0.1','Mozilla/5.0 (Macintosh; Intel Mac OS X 10_15_7) AppleWebKit/605.1.15 (KHTML, like Gecko) Version/16.6.1 Safari/605.1.15','fallito','2026-03-04 05:19:29'),(102,NULL,'alessia.brancati','127.0.0.1','Mozilla/5.0 (Macintosh; Intel Mac OS X 10_15_7) AppleWebKit/605.1.15 (KHTML, like Gecko) Version/16.6.1 Safari/605.1.15','successo','2026-03-04 05:19:35'),(103,NULL,'alessia.brancati','127.0.0.1','Mozilla/5.0 (Macintosh; Intel Mac OS X 10_15_7) AppleWebKit/605.1.15 (KHTML, like Gecko) Version/16.6.1 Safari/605.1.15','successo','2026-03-04 05:19:45'),(104,NULL,'francesco.basile@mit.gov.it','127.0.0.1','Mozilla/5.0 (Macintosh; Intel Mac OS X 10_15_7) AppleWebKit/605.1.15 (KHTML, like Gecko) Version/16.6.1 Safari/605.1.15','fallito','2026-03-04 05:22:17'),(105,NULL,'francesco.basile','127.0.0.1','Mozilla/5.0 (Macintosh; Intel Mac OS X 10_15_7) AppleWebKit/605.1.15 (KHTML, like Gecko) Version/16.6.1 Safari/605.1.15','successo','2026-03-04 05:22:34'),(106,NULL,'luigi.natale1970@gmail.com','127.0.0.1','Mozilla/5.0 (Macintosh; Intel Mac OS X 10_15_7) AppleWebKit/605.1.15 (KHTML, like Gecko) Version/16.6.1 Safari/605.1.15','fallito','2026-03-04 05:22:54'),(107,2,'admin.naaf','127.0.0.1','Mozilla/5.0 (Macintosh; Intel Mac OS X 10_15_7) AppleWebKit/605.1.15 (KHTML, like Gecko) Version/16.6.1 Safari/605.1.15','successo','2026-03-04 05:23:25'),(108,NULL,'luigi.natale1970@gmail.com','127.0.0.1','Mozilla/5.0 (Macintosh; Intel Mac OS X 10_15_7) AppleWebKit/605.1.15 (KHTML, like Gecko) Version/16.6.1 Safari/605.1.15','fallito','2026-03-04 05:24:05'),(109,NULL,'luigi.natale','127.0.0.1','Mozilla/5.0 (Macintosh; Intel Mac OS X 10_15_7) AppleWebKit/605.1.15 (KHTML, like Gecko) Version/16.6.1 Safari/605.1.15','fallito','2026-03-04 05:24:25'),(110,NULL,'luigi.natale1970@gmail.com','127.0.0.1','Mozilla/5.0 (Macintosh; Intel Mac OS X 10_15_7) AppleWebKit/605.1.15 (KHTML, like Gecko) Version/16.6.1 Safari/605.1.15','fallito','2026-03-04 05:24:36'),(111,NULL,'luigi.natale1970','127.0.0.1','Mozilla/5.0 (Macintosh; Intel Mac OS X 10_15_7) AppleWebKit/605.1.15 (KHTML, like Gecko) Version/16.6.1 Safari/605.1.15','successo','2026-03-04 05:27:11'),(112,NULL,'luigi.natale1970','127.0.0.1','Mozilla/5.0 (Macintosh; Intel Mac OS X 10_15_7) AppleWebKit/605.1.15 (KHTML, like Gecko) Version/16.6.1 Safari/605.1.15','successo','2026-03-04 05:30:04'),(113,NULL,'francesco.basile','127.0.0.1','Mozilla/5.0 (Macintosh; Intel Mac OS X 10_15_7) AppleWebKit/605.1.15 (KHTML, like Gecko) Version/16.6.1 Safari/605.1.15','successo','2026-03-04 14:35:20'),(114,NULL,'luigi.natale1970','127.0.0.1','Mozilla/5.0 (Macintosh; Intel Mac OS X 10_15_7) AppleWebKit/605.1.15 (KHTML, like Gecko) Version/16.6.1 Safari/605.1.15','successo','2026-03-04 14:36:30'),(115,NULL,'luigi.natale1970','127.0.0.1','Mozilla/5.0 (Macintosh; Intel Mac OS X 10_15_7) AppleWebKit/605.1.15 (KHTML, like Gecko) Version/16.6.1 Safari/605.1.15','successo','2026-03-04 21:54:33'),(116,NULL,'luigi.natale1970','127.0.0.1','Mozilla/5.0 (Macintosh; Intel Mac OS X 10_15_7) AppleWebKit/605.1.15 (KHTML, like Gecko) Version/16.6.1 Safari/605.1.15','successo','2026-03-04 22:00:04'),(117,NULL,'luigi.natale1970','127.0.0.1','Mozilla/5.0 (Macintosh; Intel Mac OS X 10_15_7) AppleWebKit/605.1.15 (KHTML, like Gecko) Version/16.6.1 Safari/605.1.15','successo','2026-03-04 22:18:27'),(118,NULL,'luigi.natale1970','127.0.0.1','Mozilla/5.0 (Macintosh; Intel Mac OS X 10_15_7) AppleWebKit/605.1.15 (KHTML, like Gecko) Version/16.6.1 Safari/605.1.15','successo','2026-03-04 22:21:07'),(119,NULL,'francesco.basile','127.0.0.1','Mozilla/5.0 (Macintosh; Intel Mac OS X 10_15_7) AppleWebKit/605.1.15 (KHTML, like Gecko) Version/16.6.1 Safari/605.1.15','successo','2026-03-04 22:22:42'),(120,NULL,'luigi.natale1970','127.0.0.1','Mozilla/5.0 (Macintosh; Intel Mac OS X 10_15_7) AppleWebKit/605.1.15 (KHTML, like Gecko) Version/16.6.1 Safari/605.1.15','successo','2026-03-04 22:23:19'),(121,NULL,'luigi.natale1970','127.0.0.1','Mozilla/5.0 (Macintosh; Intel Mac OS X 10_15_7) AppleWebKit/605.1.15 (KHTML, like Gecko) Version/16.6.1 Safari/605.1.15','successo','2026-03-04 22:26:42'),(122,NULL,'franceso.basile','127.0.0.1','Mozilla/5.0 (Macintosh; Intel Mac OS X 10_15_7) AppleWebKit/605.1.15 (KHTML, like Gecko) Version/16.6.1 Safari/605.1.15','fallito','2026-03-05 16:30:06'),(123,NULL,'franceso.basile','127.0.0.1','Mozilla/5.0 (Macintosh; Intel Mac OS X 10_15_7) AppleWebKit/605.1.15 (KHTML, like Gecko) Version/16.6.1 Safari/605.1.15','fallito','2026-03-05 16:30:13'),(124,NULL,'franceso.basile','127.0.0.1','Mozilla/5.0 (Macintosh; Intel Mac OS X 10_15_7) AppleWebKit/605.1.15 (KHTML, like Gecko) Version/16.6.1 Safari/605.1.15','fallito','2026-03-05 16:30:24'),(125,NULL,'franceso.basile','127.0.0.1','Mozilla/5.0 (Macintosh; Intel Mac OS X 10_15_7) AppleWebKit/605.1.15 (KHTML, like Gecko) Version/16.6.1 Safari/605.1.15','fallito','2026-03-05 16:30:32'),(126,NULL,'alessia.brancati','127.0.0.1','Mozilla/5.0 (Macintosh; Intel Mac OS X 10_15_7) AppleWebKit/605.1.15 (KHTML, like Gecko) Version/16.6.1 Safari/605.1.15','successo','2026-03-05 16:30:42'),(127,NULL,'luigi.natale1970','127.0.0.1','Mozilla/5.0 (Macintosh; Intel Mac OS X 10_15_7) AppleWebKit/605.1.15 (KHTML, like Gecko) Version/16.6.1 Safari/605.1.15','successo','2026-03-05 16:31:28'),(128,2,'admin.naaf','127.0.0.1','Mozilla/5.0 (Macintosh; Intel Mac OS X 10_15_7) AppleWebKit/605.1.15 (KHTML, like Gecko) Version/16.6.1 Safari/605.1.15','fallito','2026-03-05 16:38:18'),(129,2,'admin.naaf','127.0.0.1','Mozilla/5.0 (Macintosh; Intel Mac OS X 10_15_7) AppleWebKit/605.1.15 (KHTML, like Gecko) Version/16.6.1 Safari/605.1.15','successo','2026-03-05 16:38:27'),(130,NULL,'alessia.brancati','127.0.0.1','Mozilla/5.0 (Macintosh; Intel Mac OS X 10_15_7) AppleWebKit/605.1.15 (KHTML, like Gecko) Version/16.6.1 Safari/605.1.15','fallito','2026-03-05 16:41:16'),(131,NULL,'alessia.brancati@mit.gov.it','127.0.0.1','Mozilla/5.0 (Macintosh; Intel Mac OS X 10_15_7) AppleWebKit/605.1.15 (KHTML, like Gecko) Version/16.6.1 Safari/605.1.15','fallito','2026-03-05 16:41:40'),(132,2,'admin.naaf','127.0.0.1','Mozilla/5.0 (Macintosh; Intel Mac OS X 10_15_7) AppleWebKit/605.1.15 (KHTML, like Gecko) Version/16.6.1 Safari/605.1.15','successo','2026-03-05 16:42:24'),(133,9,'alessia.brancati','127.0.0.1','Mozilla/5.0 (Macintosh; Intel Mac OS X 10_15_7) AppleWebKit/605.1.15 (KHTML, like Gecko) Version/16.6.1 Safari/605.1.15','successo','2026-03-05 16:44:37'),(134,10,'tommaso.pisano','127.0.0.1','Mozilla/5.0 (Macintosh; Intel Mac OS X 10_15_7) AppleWebKit/605.1.15 (KHTML, like Gecko) Version/16.6.1 Safari/605.1.15','successo','2026-03-05 16:45:19'),(135,2,'admin.naaf','127.0.0.1','Mozilla/5.0 (Macintosh; Intel Mac OS X 10_15_7) AppleWebKit/605.1.15 (KHTML, like Gecko) Version/16.6.1 Safari/605.1.15','successo','2026-03-05 16:46:46'),(136,9,'alessia.brancati','127.0.0.1','Mozilla/5.0 (Macintosh; Intel Mac OS X 10_15_7) AppleWebKit/605.1.15 (KHTML, like Gecko) Version/16.6.1 Safari/605.1.15','successo','2026-03-05 16:49:16'),(137,2,'admin.naaf','127.0.0.1','Mozilla/5.0 (Macintosh; Intel Mac OS X 10_15_7) AppleWebKit/605.1.15 (KHTML, like Gecko) Version/16.6.1 Safari/605.1.15','successo','2026-03-05 16:50:28'),(138,2,'admin.naaf','127.0.0.1','Mozilla/5.0 (Macintosh; Intel Mac OS X 10_15_7) AppleWebKit/605.1.15 (KHTML, like Gecko) Version/16.6.1 Safari/605.1.15','successo','2026-03-05 19:15:37'),(139,2,'admin.naaf','127.0.0.1','Mozilla/5.0 (Macintosh; Intel Mac OS X 10_15_7) AppleWebKit/605.1.15 (KHTML, like Gecko) Version/16.6.1 Safari/605.1.15','successo','2026-03-05 21:03:57'),(140,9,'alessia.brancati','127.0.0.1','Mozilla/5.0 (Macintosh; Intel Mac OS X 10_15_7) AppleWebKit/605.1.15 (KHTML, like Gecko) Version/16.6.1 Safari/605.1.15','successo','2026-03-05 21:06:18'),(141,10,'tommaso.pisano','127.0.0.1','Mozilla/5.0 (Macintosh; Intel Mac OS X 10_15_7) AppleWebKit/605.1.15 (KHTML, like Gecko) Version/16.6.1 Safari/605.1.15','successo','2026-03-05 21:06:45'),(142,9,'alessia.brancati','127.0.0.1','Mozilla/5.0 (Macintosh; Intel Mac OS X 10_15_7) AppleWebKit/605.1.15 (KHTML, like Gecko) Version/16.6.1 Safari/605.1.15','successo','2026-03-05 21:08:01'),(143,10,'tommaso.pisano','127.0.0.1','Mozilla/5.0 (Macintosh; Intel Mac OS X 10_15_7) AppleWebKit/605.1.15 (KHTML, like Gecko) Version/16.6.1 Safari/605.1.15','successo','2026-03-05 21:08:19'),(144,10,'tommaso.pisano','127.0.0.1','Mozilla/5.0 (Macintosh; Intel Mac OS X 10_15_7) AppleWebKit/605.1.15 (KHTML, like Gecko) Version/16.6.1 Safari/605.1.15','successo','2026-03-05 21:13:37'),(145,2,'admin.naaf','127.0.0.1','Mozilla/5.0 (Macintosh; Intel Mac OS X 10_15_7) AppleWebKit/605.1.15 (KHTML, like Gecko) Version/16.6.1 Safari/605.1.15','successo','2026-03-05 21:14:09'),(146,10,'tommaso.pisano','127.0.0.1','Mozilla/5.0 (Macintosh; Intel Mac OS X 10_15_7) AppleWebKit/605.1.15 (KHTML, like Gecko) Version/16.6.1 Safari/605.1.15','successo','2026-03-05 21:15:03'),(147,10,'tommaso.pisano','127.0.0.1','Mozilla/5.0 (Macintosh; Intel Mac OS X 10_15_7) AppleWebKit/605.1.15 (KHTML, like Gecko) Version/16.6.1 Safari/605.1.15','successo','2026-03-05 21:19:47'),(148,2,'admin.naaf','127.0.0.1','Mozilla/5.0 (Macintosh; Intel Mac OS X 10_15_7) AppleWebKit/605.1.15 (KHTML, like Gecko) Version/16.6.1 Safari/605.1.15','successo','2026-03-05 21:20:22'),(149,10,'tommaso.pisano','127.0.0.1','Mozilla/5.0 (Macintosh; Intel Mac OS X 10_15_7) AppleWebKit/605.1.15 (KHTML, like Gecko) Version/16.6.1 Safari/605.1.15','successo','2026-03-05 21:20:47'),(150,10,'tommaso.pisano','127.0.0.1','Mozilla/5.0 (Macintosh; Intel Mac OS X 10_15_7) AppleWebKit/605.1.15 (KHTML, like Gecko) Version/16.6.1 Safari/605.1.15','successo','2026-03-05 21:25:01'),(151,10,'tommaso.pisano','127.0.0.1','Mozilla/5.0 (Macintosh; Intel Mac OS X 10_15_7) AppleWebKit/605.1.15 (KHTML, like Gecko) Version/16.6.1 Safari/605.1.15','successo','2026-03-05 21:34:10'),(152,10,'tommaso.pisano','127.0.0.1','Mozilla/5.0 (Macintosh; Intel Mac OS X 10_15_7) AppleWebKit/605.1.15 (KHTML, like Gecko) Version/16.6.1 Safari/605.1.15','successo','2026-03-05 21:35:26'),(153,10,'tommaso.pisano','127.0.0.1','Mozilla/5.0 (Macintosh; Intel Mac OS X 10_15_7) AppleWebKit/605.1.15 (KHTML, like Gecko) Version/16.6.1 Safari/605.1.15','successo','2026-03-05 21:48:38'),(154,2,'admin.naaf','127.0.0.1','Mozilla/5.0 (Macintosh; Intel Mac OS X 10_15_7) AppleWebKit/605.1.15 (KHTML, like Gecko) Version/16.6.1 Safari/605.1.15','successo','2026-03-05 21:48:56'),(155,10,'tommaso.pisano','127.0.0.1','Mozilla/5.0 (Macintosh; Intel Mac OS X 10_15_7) AppleWebKit/605.1.15 (KHTML, like Gecko) Version/16.6.1 Safari/605.1.15','successo','2026-03-05 21:49:21'),(156,2,'admin.naaf','127.0.0.1','Mozilla/5.0 (Macintosh; Intel Mac OS X 10_15_7) AppleWebKit/605.1.15 (KHTML, like Gecko) Version/16.6.1 Safari/605.1.15','successo','2026-03-05 22:00:26'),(157,10,'tommaso.pisano','127.0.0.1','Mozilla/5.0 (Macintosh; Intel Mac OS X 10_15_7) AppleWebKit/605.1.15 (KHTML, like Gecko) Version/16.6.1 Safari/605.1.15','successo','2026-03-05 22:01:03'),(158,10,'tommaso.pisano','127.0.0.1','Mozilla/5.0 (Macintosh; Intel Mac OS X 10_15_7) AppleWebKit/605.1.15 (KHTML, like Gecko) Version/16.6.1 Safari/605.1.15','successo','2026-03-06 05:58:27'),(159,2,'admin.naaf','127.0.0.1','Mozilla/5.0 (Macintosh; Intel Mac OS X 10_15_7) AppleWebKit/605.1.15 (KHTML, like Gecko) Version/16.6.1 Safari/605.1.15','successo','2026-03-06 06:02:38'),(160,10,'tommaso.pisano','127.0.0.1','Mozilla/5.0 (Macintosh; Intel Mac OS X 10_15_7) AppleWebKit/605.1.15 (KHTML, like Gecko) Version/16.6.1 Safari/605.1.15','successo','2026-03-06 06:03:09'),(161,2,'admin.naaf','127.0.0.1','Mozilla/5.0 (X11; Ubuntu; Linux x86_64; rv:130.0) Gecko/20100101 Firefox/130.0','fallito','2026-03-08 08:00:35'),(162,2,'admin.naaf','127.0.0.1','Mozilla/5.0 (X11; Ubuntu; Linux x86_64; rv:130.0) Gecko/20100101 Firefox/130.0','successo','2026-03-08 08:00:49'),(163,10,'tommaso.pisano','127.0.0.1','Mozilla/5.0 (X11; Ubuntu; Linux x86_64; rv:130.0) Gecko/20100101 Firefox/130.0','successo','2026-03-08 08:01:32'),(164,10,'tommaso.pisano','127.0.0.1','Mozilla/5.0 (X11; Ubuntu; Linux x86_64; rv:130.0) Gecko/20100101 Firefox/130.0','successo','2026-03-08 08:11:53'),(165,2,'admin.naaf','127.0.0.1','Mozilla/5.0 (X11; Ubuntu; Linux x86_64; rv:130.0) Gecko/20100101 Firefox/130.0','successo','2026-03-08 08:12:05'),(166,10,'tommaso.pisano','127.0.0.1','Mozilla/5.0 (X11; Ubuntu; Linux x86_64; rv:130.0) Gecko/20100101 Firefox/130.0','successo','2026-03-08 08:12:24'),(167,2,'admin.naaf','127.0.0.1','Mozilla/5.0 (X11; Linux x86_64) AppleWebKit/537.36 (KHTML, like Gecko) Chrome/145.0.0.0 Safari/537.36','successo','2026-03-08 08:36:13'),(168,2,'admin.naaf','127.0.0.1','Mozilla/5.0 (X11; Linux x86_64) AppleWebKit/537.36 (KHTML, like Gecko) Chrome/145.0.0.0 Safari/537.36','successo','2026-03-08 11:21:51'),(169,10,'tommaso.pisano','127.0.0.1','Mozilla/5.0 (X11; Linux x86_64) AppleWebKit/537.36 (KHTML, like Gecko) Chrome/145.0.0.0 Safari/537.36','fallito','2026-03-08 11:22:30'),(170,10,'tommaso.pisano','127.0.0.1','Mozilla/5.0 (X11; Linux x86_64) AppleWebKit/537.36 (KHTML, like Gecko) Chrome/145.0.0.0 Safari/537.36','successo','2026-03-08 11:22:42'),(171,10,'tommaso.pisano','127.0.0.1','Mozilla/5.0 (X11; Linux x86_64) AppleWebKit/537.36 (KHTML, like Gecko) Chrome/145.0.0.0 Safari/537.36','successo','2026-03-08 11:26:18'),(172,2,'admin.naaf','127.0.0.1','Mozilla/5.0 (X11; Linux x86_64) AppleWebKit/537.36 (KHTML, like Gecko) Chrome/145.0.0.0 Safari/537.36','successo','2026-03-08 11:26:34'),(173,2,'admin.naaf','127.0.0.1','Mozilla/5.0 (X11; Linux x86_64) AppleWebKit/537.36 (KHTML, like Gecko) Chrome/145.0.0.0 Safari/537.36','successo','2026-03-08 11:38:32'),(174,2,'admin.naaf','127.0.0.1','Mozilla/5.0 (X11; Linux x86_64) AppleWebKit/537.36 (KHTML, like Gecko) Chrome/145.0.0.0 Safari/537.36','successo','2026-03-08 11:40:32'),(175,2,'admin.naaf','127.0.0.1','Mozilla/5.0 (X11; Linux x86_64) AppleWebKit/537.36 (KHTML, like Gecko) Chrome/145.0.0.0 Safari/537.36','successo','2026-03-08 11:42:56'),(176,2,'admin.naaf','127.0.0.1','Mozilla/5.0 (X11; Linux x86_64) AppleWebKit/537.36 (KHTML, like Gecko) Chrome/145.0.0.0 Safari/537.36','successo','2026-03-08 11:51:35'),(177,2,'admin.naaf','127.0.0.1','Mozilla/5.0 (X11; Linux x86_64) AppleWebKit/537.36 (KHTML, like Gecko) Chrome/145.0.0.0 Safari/537.36','successo','2026-03-08 13:53:28'),(178,NULL,'enrico.monaco','127.0.0.1','Mozilla/5.0 (X11; Linux x86_64) AppleWebKit/537.36 (KHTML, like Gecko) Chrome/145.0.0.0 Safari/537.36','successo','2026-03-08 14:07:20'),(179,2,'admin.naaf','127.0.0.1','Mozilla/5.0 (X11; Linux x86_64) AppleWebKit/537.36 (KHTML, like Gecko) Chrome/145.0.0.0 Safari/537.36','successo','2026-03-08 14:13:23'),(180,2,'admin.naaf','127.0.0.1','Mozilla/5.0 (X11; Linux x86_64) AppleWebKit/537.36 (KHTML, like Gecko) Chrome/145.0.0.0 Safari/537.36','successo','2026-03-08 19:09:29'),(181,10,'tommaso.pisano','127.0.0.1','Mozilla/5.0 (X11; Linux x86_64) AppleWebKit/537.36 (KHTML, like Gecko) Chrome/145.0.0.0 Safari/537.36','successo','2026-03-08 19:14:11'),(182,2,'admin.naaf','127.0.0.1','Mozilla/5.0 (X11; Linux x86_64) AppleWebKit/537.36 (KHTML, like Gecko) Chrome/145.0.0.0 Safari/537.36','successo','2026-03-08 19:14:21'),(183,2,'admin.naaf','127.0.0.1','Mozilla/5.0 (X11; Linux x86_64) AppleWebKit/537.36 (KHTML, like Gecko) Chrome/145.0.0.0 Safari/537.36','successo','2026-03-08 19:29:54'),(184,NULL,'enrico.monaco','127.0.0.1','Mozilla/5.0 (X11; Linux x86_64) AppleWebKit/537.36 (KHTML, like Gecko) Chrome/145.0.0.0 Safari/537.36','fallito','2026-03-08 19:34:42'),(185,NULL,'enrico.monaco','127.0.0.1','Mozilla/5.0 (X11; Linux x86_64) AppleWebKit/537.36 (KHTML, like Gecko) Chrome/145.0.0.0 Safari/537.36','fallito','2026-03-08 19:34:47'),(186,10,'tommaso.pisano','127.0.0.1','Mozilla/5.0 (X11; Linux x86_64) AppleWebKit/537.36 (KHTML, like Gecko) Chrome/145.0.0.0 Safari/537.36','successo','2026-03-08 19:34:57'),(187,2,'admin.naaf','127.0.0.1','Mozilla/5.0 (X11; Linux x86_64) AppleWebKit/537.36 (KHTML, like Gecko) Chrome/145.0.0.0 Safari/537.36','successo','2026-03-08 19:41:36'),(188,NULL,'enrico.monaco@mit.gov.it','127.0.0.1','Mozilla/5.0 (X11; Linux x86_64) AppleWebKit/537.36 (KHTML, like Gecko) Chrome/145.0.0.0 Safari/537.36','fallito','2026-03-08 19:58:19'),(189,13,'enrico.monaco','127.0.0.1','Mozilla/5.0 (X11; Linux x86_64) AppleWebKit/537.36 (KHTML, like Gecko) Chrome/145.0.0.0 Safari/537.36','fallito','2026-03-08 19:58:22'),(190,13,'enrico.monaco','127.0.0.1','Mozilla/5.0 (X11; Linux x86_64) AppleWebKit/537.36 (KHTML, like Gecko) Chrome/145.0.0.0 Safari/537.36','fallito','2026-03-08 19:58:26'),(191,2,'admin.naaf','127.0.0.1','Mozilla/5.0 (X11; Linux x86_64) AppleWebKit/537.36 (KHTML, like Gecko) Chrome/145.0.0.0 Safari/537.36','successo','2026-03-08 19:58:47'),(192,NULL,'enrico.monaco@mit.gov.it','127.0.0.1','Mozilla/5.0 (X11; Linux x86_64) AppleWebKit/537.36 (KHTML, like Gecko) Chrome/145.0.0.0 Safari/537.36','fallito','2026-03-08 20:00:33'),(193,2,'admin.naaf','127.0.0.1','Mozilla/5.0 (X11; Linux x86_64) AppleWebKit/537.36 (KHTML, like Gecko) Chrome/145.0.0.0 Safari/537.36','successo','2026-03-08 20:01:16'),(194,2,'admin.naaf','127.0.0.1','Mozilla/5.0 (X11; Linux x86_64) AppleWebKit/537.36 (KHTML, like Gecko) Chrome/145.0.0.0 Safari/537.36','successo','2026-03-08 20:12:03'),(195,2,'admin.naaf','127.0.0.1','Mozilla/5.0 (X11; Linux x86_64) AppleWebKit/537.36 (KHTML, like Gecko) Chrome/145.0.0.0 Safari/537.36','successo','2026-03-08 20:35:49'),(196,2,'admin.naaf','127.0.0.1','Mozilla/5.0 (X11; Linux x86_64) AppleWebKit/537.36 (KHTML, like Gecko) Chrome/145.0.0.0 Safari/537.36','successo','2026-03-08 20:37:50'),(197,2,'admin.naaf','127.0.0.1','Mozilla/5.0 (X11; Linux x86_64) AppleWebKit/537.36 (KHTML, like Gecko) Chrome/145.0.0.0 Safari/537.36','successo','2026-03-08 20:38:20'),(198,2,'admin.naaf','127.0.0.1','Mozilla/5.0 (X11; Linux x86_64) AppleWebKit/537.36 (KHTML, like Gecko) Chrome/145.0.0.0 Safari/537.36','successo','2026-03-08 20:39:23'),(199,2,'admin.naaf','127.0.0.1','Mozilla/5.0 (X11; Linux x86_64) AppleWebKit/537.36 (KHTML, like Gecko) Chrome/145.0.0.0 Safari/537.36','successo','2026-03-08 20:40:54'),(200,2,'admin.naaf','127.0.0.1','Mozilla/5.0 (X11; Linux x86_64) AppleWebKit/537.36 (KHTML, like Gecko) Chrome/145.0.0.0 Safari/537.36','successo','2026-03-08 21:45:06'),(201,2,'admin.naaf','127.0.0.1','Mozilla/5.0 (X11; Linux x86_64) AppleWebKit/537.36 (KHTML, like Gecko) Chrome/145.0.0.0 Safari/537.36','successo','2026-03-08 21:52:44'),(202,2,'admin.naaf','127.0.0.1','Mozilla/5.0 (X11; Linux x86_64) AppleWebKit/537.36 (KHTML, like Gecko) Chrome/145.0.0.0 Safari/537.36','successo','2026-03-08 21:59:51');
/*!40000 ALTER TABLE `log_accessi` ENABLE KEYS */;
UNLOCK TABLES;

--
-- Table structure for table `news`
--

DROP TABLE IF EXISTS `news`;
/*!40101 SET @saved_cs_client     = @@character_set_client */;
/*!50503 SET character_set_client = utf8mb4 */;
CREATE TABLE `news` (
  `id` int NOT NULL AUTO_INCREMENT,
  `titolo` varchar(300) CHARACTER SET utf8mb4 COLLATE utf8mb4_unicode_ci NOT NULL,
  `contenuto` text CHARACTER SET utf8mb4 COLLATE utf8mb4_unicode_ci NOT NULL,
  `excerpt` varchar(400) CHARACTER SET utf8mb4 COLLATE utf8mb4_unicode_ci DEFAULT NULL,
  `categoria` enum('normativa','addestramento','circolare','avviso','comunicato','altro') CHARACTER SET utf8mb4 COLLATE utf8mb4_unicode_ci DEFAULT 'comunicato',
  `pubblica` tinyint(1) DEFAULT '1',
  `in_evidenza` tinyint(1) DEFAULT '0',
  `autore_id` int DEFAULT NULL,
  `published_at` datetime DEFAULT CURRENT_TIMESTAMP,
  `created_at` timestamp NULL DEFAULT CURRENT_TIMESTAMP,
  `updated_at` timestamp NULL DEFAULT CURRENT_TIMESTAMP ON UPDATE CURRENT_TIMESTAMP,
  PRIMARY KEY (`id`),
  KEY `autore_id` (`autore_id`),
  KEY `idx_news_pubblica` (`pubblica`,`published_at`),
  CONSTRAINT `news_ibfk_1` FOREIGN KEY (`autore_id`) REFERENCES `utenti` (`id`) ON DELETE SET NULL
) ENGINE=InnoDB DEFAULT CHARSET=utf8mb4 COLLATE=utf8mb4_unicode_ci;
/*!40101 SET character_set_client = @saved_cs_client */;

--
-- Dumping data for table `news`
--

LOCK TABLES `news` WRITE;
/*!40000 ALTER TABLE `news` DISABLE KEYS */;
/*!40000 ALTER TABLE `news` ENABLE KEYS */;
UNLOCK TABLES;

--
-- Table structure for table `personale`
--

DROP TABLE IF EXISTS `personale`;
/*!40101 SET @saved_cs_client     = @@character_set_client */;
/*!50503 SET character_set_client = utf8mb4 */;
CREATE TABLE `personale` (
  `id` int NOT NULL AUTO_INCREMENT,
  `matricola` varchar(20) CHARACTER SET utf8mb4 COLLATE utf8mb4_unicode_ci NOT NULL,
  `cognome` varchar(100) CHARACTER SET utf8mb4 COLLATE utf8mb4_unicode_ci NOT NULL,
  `nome` varchar(100) CHARACTER SET utf8mb4 COLLATE utf8mb4_unicode_ci NOT NULL,
  `grado` varchar(80) CHARACTER SET utf8mb4 COLLATE utf8mb4_unicode_ci DEFAULT NULL,
  `categoria` enum('pilota','operatore','tecnico') CHARACTER SET utf8mb4 COLLATE utf8mb4_unicode_ci NOT NULL,
  `specializzazione` varchar(150) CHARACTER SET utf8mb4 COLLATE utf8mb4_unicode_ci DEFAULT NULL,
  `data_nascita` date DEFAULT NULL,
  `luogo_nascita` varchar(100) CHARACTER SET utf8mb4 COLLATE utf8mb4_unicode_ci DEFAULT NULL,
  `sede_assegnazione` varchar(150) CHARACTER SET utf8mb4 COLLATE utf8mb4_unicode_ci DEFAULT NULL,
  `reparto` varchar(100) CHARACTER SET utf8mb4 COLLATE utf8mb4_unicode_ci DEFAULT NULL,
  `data_immissione` date DEFAULT NULL,
  `stato` enum('attivo','sospeso','in_quiescenza','trasferito') CHARACTER SET utf8mb4 COLLATE utf8mb4_unicode_ci DEFAULT 'attivo',
  `email_istituzionale` varchar(150) CHARACTER SET utf8mb4 COLLATE utf8mb4_unicode_ci DEFAULT NULL,
  `telefono` varchar(30) CHARACTER SET utf8mb4 COLLATE utf8mb4_unicode_ci DEFAULT NULL,
  `note` text CHARACTER SET utf8mb4 COLLATE utf8mb4_unicode_ci,
  `created_at` timestamp NULL DEFAULT CURRENT_TIMESTAMP,
  `updated_at` timestamp NULL DEFAULT CURRENT_TIMESTAMP ON UPDATE CURRENT_TIMESTAMP,
  PRIMARY KEY (`id`),
  UNIQUE KEY `matricola` (`matricola`),
  KEY `idx_personale_categoria` (`categoria`),
  KEY `idx_personale_stato` (`stato`)
) ENGINE=InnoDB AUTO_INCREMENT=3 DEFAULT CHARSET=utf8mb4 COLLATE=utf8mb4_unicode_ci;
/*!40101 SET character_set_client = @saved_cs_client */;

--
-- Dumping data for table `personale`
--

LOCK TABLES `personale` WRITE;
/*!40000 ALTER TABLE `personale` DISABLE KEYS */;
INSERT INTO `personale` VALUES (1,'12','Monaco','Enrico','','operatore','',NULL,'','','',NULL,'attivo','enrico.monaco@mit.gov.it','','','2026-03-08 19:19:22','2026-03-08 19:59:36'),(2,'13','Zanasi','Zaira','Sc Np/Ov','operatore','',NULL,'','','',NULL,'attivo','zaira.zanasi@mit.gov.it','','','2026-03-08 20:02:56','2026-03-08 20:02:56');
/*!40000 ALTER TABLE `personale` ENABLE KEYS */;
UNLOCK TABLES;

--
-- Table structure for table `pratiche`
--

DROP TABLE IF EXISTS `pratiche`;
/*!40101 SET @saved_cs_client     = @@character_set_client */;
/*!50503 SET character_set_client = utf8mb4 */;
CREATE TABLE `pratiche` (
  `id` int NOT NULL AUTO_INCREMENT,
  `personale_id` int NOT NULL,
  `tipo` enum('licenza','abilitazione','idoneita_medica','corso','addestramento','sanzione','encomio','altro') CHARACTER SET utf8mb4 COLLATE utf8mb4_unicode_ci NOT NULL,
  `titolo` varchar(255) CHARACTER SET utf8mb4 COLLATE utf8mb4_unicode_ci NOT NULL,
  `descrizione` text CHARACTER SET utf8mb4 COLLATE utf8mb4_unicode_ci,
  `numero_pratica` varchar(80) CHARACTER SET utf8mb4 COLLATE utf8mb4_unicode_ci DEFAULT NULL,
  `data_emissione` date DEFAULT NULL,
  `data_scadenza` date DEFAULT NULL,
  `ente_emittente` varchar(150) CHARACTER SET utf8mb4 COLLATE utf8mb4_unicode_ci DEFAULT NULL,
  `percorso_file` varchar(500) CHARACTER SET utf8mb4 COLLATE utf8mb4_unicode_ci DEFAULT NULL,
  `nome_file` varchar(255) CHARACTER SET utf8mb4 COLLATE utf8mb4_unicode_ci DEFAULT NULL,
  `stato` enum('valida','in_rinnovo','scaduta','revocata') CHARACTER SET utf8mb4 COLLATE utf8mb4_unicode_ci DEFAULT 'valida',
  `note` text CHARACTER SET utf8mb4 COLLATE utf8mb4_unicode_ci,
  `inserito_da` int DEFAULT NULL,
  `created_at` timestamp NULL DEFAULT CURRENT_TIMESTAMP,
  `updated_at` timestamp NULL DEFAULT CURRENT_TIMESTAMP ON UPDATE CURRENT_TIMESTAMP,
  PRIMARY KEY (`id`),
  KEY `personale_id` (`personale_id`),
  KEY `inserito_da` (`inserito_da`),
  KEY `idx_pratiche_tipo` (`tipo`),
  KEY `idx_pratiche_scadenza` (`data_scadenza`),
  KEY `idx_pratiche_stato` (`stato`),
  CONSTRAINT `pratiche_ibfk_1` FOREIGN KEY (`personale_id`) REFERENCES `personale` (`id`) ON DELETE CASCADE,
  CONSTRAINT `pratiche_ibfk_2` FOREIGN KEY (`inserito_da`) REFERENCES `utenti` (`id`) ON DELETE SET NULL
) ENGINE=InnoDB DEFAULT CHARSET=utf8mb4 COLLATE=utf8mb4_unicode_ci;
/*!40101 SET character_set_client = @saved_cs_client */;

--
-- Dumping data for table `pratiche`
--

LOCK TABLES `pratiche` WRITE;
/*!40000 ALTER TABLE `pratiche` DISABLE KEYS */;
/*!40000 ALTER TABLE `pratiche` ENABLE KEYS */;
UNLOCK TABLES;

--
-- Table structure for table `pubblicazioni`
--

DROP TABLE IF EXISTS `pubblicazioni`;
/*!40101 SET @saved_cs_client     = @@character_set_client */;
/*!50503 SET character_set_client = utf8mb4 */;
CREATE TABLE `pubblicazioni` (
  `id` int NOT NULL AUTO_INCREMENT,
  `titolo` varchar(300) CHARACTER SET utf8mb4 COLLATE utf8mb4_unicode_ci NOT NULL,
  `tipo` enum('manuale','circolare','decreto','normativa','checklist','altro') CHARACTER SET utf8mb4 COLLATE utf8mb4_unicode_ci NOT NULL,
  `codice` varchar(100) CHARACTER SET utf8mb4 COLLATE utf8mb4_unicode_ci DEFAULT NULL,
  `edizione` varchar(50) CHARACTER SET utf8mb4 COLLATE utf8mb4_unicode_ci DEFAULT NULL,
  `revisione` varchar(50) CHARACTER SET utf8mb4 COLLATE utf8mb4_unicode_ci DEFAULT NULL,
  `data_vigenza` date DEFAULT NULL,
  `data_scadenza` date DEFAULT NULL,
  `percorso_file` varchar(500) CHARACTER SET utf8mb4 COLLATE utf8mb4_unicode_ci DEFAULT NULL,
  `nome_file` varchar(255) CHARACTER SET utf8mb4 COLLATE utf8mb4_unicode_ci DEFAULT NULL,
  `pubblica` tinyint(1) DEFAULT '1',
  `inserito_da` int DEFAULT NULL,
  `created_at` timestamp NULL DEFAULT CURRENT_TIMESTAMP,
  `updated_at` timestamp NULL DEFAULT CURRENT_TIMESTAMP ON UPDATE CURRENT_TIMESTAMP,
  PRIMARY KEY (`id`),
  KEY `inserito_da` (`inserito_da`),
  CONSTRAINT `pubblicazioni_ibfk_1` FOREIGN KEY (`inserito_da`) REFERENCES `utenti` (`id`) ON DELETE SET NULL
) ENGINE=InnoDB DEFAULT CHARSET=utf8mb4 COLLATE=utf8mb4_unicode_ci;
/*!40101 SET character_set_client = @saved_cs_client */;

--
-- Dumping data for table `pubblicazioni`
--

LOCK TABLES `pubblicazioni` WRITE;
/*!40000 ALTER TABLE `pubblicazioni` DISABLE KEYS */;
/*!40000 ALTER TABLE `pubblicazioni` ENABLE KEYS */;
UNLOCK TABLES;

--
-- Table structure for table `utenti`
--

DROP TABLE IF EXISTS `utenti`;
/*!40101 SET @saved_cs_client     = @@character_set_client */;
/*!50503 SET character_set_client = utf8mb4 */;
CREATE TABLE `utenti` (
  `id` int NOT NULL AUTO_INCREMENT,
  `username` varchar(50) CHARACTER SET utf8mb4 COLLATE utf8mb4_unicode_ci NOT NULL,
  `password_hash` varchar(255) CHARACTER SET utf8mb4 COLLATE utf8mb4_unicode_ci NOT NULL,
  `nome` varchar(100) CHARACTER SET utf8mb4 COLLATE utf8mb4_unicode_ci NOT NULL,
  `cognome` varchar(100) CHARACTER SET utf8mb4 COLLATE utf8mb4_unicode_ci NOT NULL,
  `email` varchar(150) CHARACTER SET utf8mb4 COLLATE utf8mb4_unicode_ci DEFAULT NULL,
  `ruolo` enum('admin','gestore','istruttore','allievo') COLLATE utf8mb4_unicode_ci NOT NULL DEFAULT 'allievo',
  `categoria` enum('Piloti','Operatori di volo','Tecnici di volo') CHARACTER SET utf8mb4 COLLATE utf8mb4_unicode_ci DEFAULT NULL,
  `grado` varchar(50) CHARACTER SET utf8mb4 COLLATE utf8mb4_unicode_ci DEFAULT NULL,
  `attivo` tinyint(1) DEFAULT '1',
  `ultimo_accesso` datetime DEFAULT NULL,
  `created_at` timestamp NULL DEFAULT CURRENT_TIMESTAMP,
  `updated_at` timestamp NULL DEFAULT CURRENT_TIMESTAMP ON UPDATE CURRENT_TIMESTAMP,
  `matricola` varchar(50) COLLATE utf8mb4_unicode_ci DEFAULT NULL,
  `sede_assegnazione` varchar(100) COLLATE utf8mb4_unicode_ci DEFAULT NULL,
  PRIMARY KEY (`id`),
  UNIQUE KEY `username` (`username`),
  UNIQUE KEY `email` (`email`)
) ENGINE=InnoDB AUTO_INCREMENT=17 DEFAULT CHARSET=utf8mb4 COLLATE=utf8mb4_unicode_ci;
/*!40101 SET character_set_client = @saved_cs_client */;

--
-- Dumping data for table `utenti`
--

LOCK TABLES `utenti` WRITE;
/*!40000 ALTER TABLE `utenti` DISABLE KEYS */;
INSERT INTO `utenti` VALUES (2,'admin.naaf','$2a$10$3nBNbrEDRJLtkHw7t2uhR.KKnJ5xf186a8NHD29hRZ/vIC1wFljDO','Luigi','Natale','luigi.natale@mit.gov.it','admin',NULL,NULL,1,'2026-03-08 22:59:51','2026-03-01 18:10:03','2026-03-08 21:59:51',NULL,NULL),(9,'alessia.brancati','$2a$10$T9RFo40adhFLhe..Hp8e6.DwWn4w90MPVEswpOEwG1P5bGj79rEDK','Alessia','Brancati','alessia.brancati@mit.gov.it','istruttore',NULL,NULL,1,'2026-03-05 22:08:01','2026-03-05 16:43:41','2026-03-05 21:08:01',NULL,NULL),(10,'tommaso.pisano','$2a$10$PIdigZro0GzvKFX0HxEzLOmwRC/55d3fktsUcFjGJfa2Z49A/hKIW','Tommaso','Pisano','tommaso.pisano@mit.gov.it','allievo','Operatori di volo','Lgt Np/ov',1,'2026-03-08 20:34:57','2026-03-05 16:44:23','2026-03-08 19:34:57',NULL,NULL),(11,'andrea.cucci','$2a$10$1FxN7Cp.oibtrpdPpogeOukmuE.4oPs5N0ltoaM4qsNwnvi4hkQri','andrea','cucci','andrea.cucci@mit.gov.it','allievo','Operatori di volo','Sc Np/Ov',1,NULL,'2026-03-05 19:19:20','2026-03-08 11:26:51',NULL,NULL),(13,'enrico.monaco','$2b$12$placeholder','Enrrico','Monaco','enrico.monaco@mit.gov.it','allievo',NULL,NULL,1,NULL,'2026-03-08 19:54:44','2026-03-08 19:54:44',NULL,NULL),(16,'toscano.francesco','$2a$12$ZNzlfP9NOztgHTcgigRwTetD8TElZzznsMzTojSZWwdlxInuhjq5C','Francesco','Toscano','francesco.toscano@mit.gov.it','allievo','Operatori di volo','2° Capo Sc Np/Ov ',1,NULL,'2026-03-08 21:46:35','2026-03-08 21:49:08',NULL,NULL);
/*!40000 ALTER TABLE `utenti` ENABLE KEYS */;
UNLOCK TABLES;
/*!40103 SET TIME_ZONE=@OLD_TIME_ZONE */;

/*!40101 SET SQL_MODE=@OLD_SQL_MODE */;
/*!40014 SET FOREIGN_KEY_CHECKS=@OLD_FOREIGN_KEY_CHECKS */;
/*!40014 SET UNIQUE_CHECKS=@OLD_UNIQUE_CHECKS */;
/*!40101 SET CHARACTER_SET_CLIENT=@OLD_CHARACTER_SET_CLIENT */;
/*!40101 SET CHARACTER_SET_RESULTS=@OLD_CHARACTER_SET_RESULTS */;
/*!40101 SET COLLATION_CONNECTION=@OLD_COLLATION_CONNECTION */;
/*!40111 SET SQL_NOTES=@OLD_SQL_NOTES */;

-- Dump completed on 2026-03-09  6:34:17
